unique_id,collision_id,crash_date,crash_time,vehicle_id,state_registration,vehicle_type,vehicle_year,travel_direction,vehicle_occupants,driver_sex,driver_license_status,driver_license_jurisdiction,pre_crash,point_of_impact,vehicle_damage,vehicle_damage_1,vehicle_damage_2,vehicle_damage_3,public_property_damage,contributing_factor_1,contributing_factor_2,vehicle_make,public_property_damage_type
20946194,4846582,2025-09-30T00:00:00.000,17:49,3f4314a9-34ca-439b-81c0-684fd0b72d83,NY,Van,2023,South,1,M,Licensed,NY,Parked,Left Side Doors,No Damage,No Damage,No Damage,No Damage,N,Unspecified,Unspecified,,
20945647,4846493,2025-09-30T00:00:00.000,23:20,33686d5f-0804-417b-8362-d22c0799a2f0,,,,South,,,,,Going Straight Ahead,Center Front End,Center Front End,,,,Unspecified,Unsafe Speed,Driver Inattention/Distraction,,
20945793,4846444,2025-09-30T00:00:00.000,12:56,b7cbe23a-81e2-4152-bf92-e9da2ab59f46,NY,Sedan,2025,West,1,M,Licensed,NY,Going Straight Ahead,Right Side Doors,Right Side Doors,Left Front Bumper,Left Rear Bumper,,N,Unspecified,Unspecified,BMW -CAR/SUV,
20946468,4846575,2025-09-30T00:00:00.000,16:00,0b60ac15-a51c-4a6b-b16a-4fcaa07750c2,,,,West,,,,,Going Straight Ahead,Left Front Bumper,Left Front Bumper,Left Front Bumper,Left Front Bumper,Left Front Bumper,Unspecified,Driver Inattention/Distraction,Driver Inattention/Distraction,,
20945701,4846435,2025-09-30T00:00:00.000,20:07,c5aefd00-188a-4001-b992-273b3f21e9e9,NY,Station Wagon/Sport Utility Vehicle,2017,Northeast,0,M,Licensed,NY,Parked,Left Rear Quarter Panel,Left Rear Quarter Panel,Left Rear Quarter Panel,Left Rear Quarter Panel,Left Rear Quarter Panel,N,Unspecified,Unspecified,BMW -CAR/SUV,
20946258,4846558,2025-09-30T00:00:00.000,15:20,ea44d9f3-db0f-4efc-b2f9-ca8f7a5b15a8,NY,Sedan,2012,East,0,M,Licensed,NY,Making Left Turn,Left Front Bumper,Left Front Bumper,No Damage,No Damage,No Damage,N,Driver Inattention/Distraction,Driver Inexperience,HOND -CAR/SUV,
20946911,4846962,2025-09-30T00:00:00.000,15:53,af01c3a7-a264-4d83-9870-20de1cf167ba,PA,,2013,South,1,,,,Going Straight Ahead,Left Front Bumper,Left Front Bumper,Center Front End,Center Front End,,N,Unspecified,Unspecified,GMC -CAR/SUV,
20946172,4846522,2025-09-30T00:00:00.000,18:50,e5509342-8aeb-49a6-94b2-29fef1d11cd2,IN,Box Truck,2021,North,1,M,Unlicensed,NY,Backing,Right Rear Bumper,No Damage,No Damage,No Damage,No Damage,Unspecified,Driver Inexperience,Unspecified,GMC,
20945927,4846403,2025-09-30T00:00:00.000,14:50,29187474-d71f-412a-81aa-1c7a110ccb42,,Moped,2025,East,1,M,Unlicensed,,Going Straight Ahead,Left Front Bumper,Left Front Bumper,Demolished,Demolished,Demolished,N,Aggressive Driving/Road Rage,Driver Inexperience,ZHILONG,
20947082,4846792,2025-09-30T00:00:00.000,16:00,27400929-ff68-461b-adb8-b0a60e2924d1,MA,,2012,,1,,,,Going Straight Ahead,Left Side Doors,Left Side Doors,,,,N,Passing or Lane Usage Improper,Unspecified,VOLV -TRUCK/BUS,
20945631,4846424,2025-09-30T00:00:00.000,13:48,2499c729-7394-4ca7-871c-32a6d2fefe9e,PA,Station Wagon/Sport Utility Vehicle,2008,West,1,F,Licensed,NY,Other*,Left Front Quarter Panel,Left Front Quarter Panel,Right Front Quarter Panel,,,N,Unspecified,Unspecified,FORD -CAR/SUV,
20945648,4846493,2025-09-30T00:00:00.000,23:20,49cd1c81-e6dd-4625-bdda-40407e57a680,,Bike,,East,1,M,,,Going Straight Ahead,Left Front Quarter Panel,Left Front Quarter Panel,,,,N,Unspecified,Unspecified,,
20946648,4846850,2025-09-30T00:00:00.000,11:45,8c6ec243-50ec-49b4-949e-42da81a35168,IN,Bus,2023,West,1,M,Licensed,NY,Going Straight Ahead,Right Front Bumper,Left Front Bumper,No Damage,No Damage,,N,Passing or Lane Usage Improper,Unspecified,Pre,
20945472,4846434,2025-09-30T00:00:00.000,17:17,ce0cd47d-88b3-4baa-a0ac-c24fd715740c,MD,Station Wagon/Sport Utility Vehicle,2011,West,0,M,Licensed,NY,Going Straight Ahead,Center Front End,Center Front End,Center Front End,Center Front End,Center Front End,N,Driver Inattention/Distraction,Following Too Closely,NISS -CAR/SUV,
20946030,4846413,2025-09-30T00:00:00.000,13:44,9c6b0daf-1209-4a60-a6ec-9d83de93e62c,NY,Sedan,2020,North,1,M,Licensed,NY,Going Straight Ahead,Right Rear Quarter Panel,Right Rear Quarter Panel,,,,N,Unspecified,Unspecified,FORD -CAR/SUV,
20945721,4846489,2025-09-30T00:00:00.000,14:32,2f3161a2-4eca-43fa-8b40-5d1e7876993b,NY,Station Wagon/Sport Utility Vehicle,2007,North,2,F,Licensed,NY,Going Straight Ahead,Left Front Quarter Panel,Left Front Quarter Panel,No Damage,No Damage,No Damage,N,Unspecified,Alcohol Involvement,HYUN -CAR/SUV,
20946469,4846670,2025-09-30T00:00:00.000,15:00,675aa3e2-bc77-4176-8aa2-6daf365c0f63,NY,Station Wagon/Sport Utility Vehicle,2015,West,1,F,Licensed,NY,Going Straight Ahead,Right Front Bumper,Right Front Bumper,No Damage,No Damage,No Damage,N,Unspecified,Unspecified,MITS -CAR/SUV,
20946228,4846526,2025-09-30T00:00:00.000,23:00,e07b4209-0a09-4ad5-a910-21ccb818a8f1,NY,Station Wagon/Sport Utility Vehicle,2020,South,1,M,Licensed,NY,Going Straight Ahead,Left Front Quarter Panel,Left Front Quarter Panel,Left Side Doors,No Damage,No Damage,N,Unspecified,Unspecified,BMW -CAR/SUV,
20946022,4846374,2025-09-30T00:00:00.000,9:05,32f39f26-0510-4ee5-ba07-a9284bd7b025,NY,Station Wagon/Sport Utility Vehicle,2025,East,0,F,Licensed,NY,Going Straight Ahead,Left Side Doors,Left Side Doors,,,,N,Unspecified,Unspecified,HOND -CAR/SUV,
20945930,4846454,2025-09-30T00:00:00.000,16:35,ecde03e5-0c53-419f-8241-e10b932eca67,NY,Station Wagon/Sport Utility Vehicle,2023,East,1,F,Licensed,NY,Going Straight Ahead,Left Front Quarter Panel,Left Front Quarter Panel,Left Side Doors,No Damage,No Damage,N,Other Vehicular,Unspecified,JEEP -CAR/SUV,
20946431,4846433,2025-09-30T00:00:00.000,9:45,1beb90d8-a380-4a11-9e45-f944b9ba0cac,,,,East,1,,,,Going Straight Ahead,Center Front End,,,,,Unspecified,Following Too Closely,Unspecified,,
20946257,4846558,2025-09-30T00:00:00.000,15:20,4e2c79b7-648a-4863-9e21-20bda5960c18,,Bike,,South,0,F,Licensed,NJ,Going Straight Ahead,Other,Other,No Damage,No Damage,No Damage,N,Driver Inattention/Distraction,Driver Inattention/Distraction,,
20945543,4846401,2025-09-30T00:00:00.000,9:03,e9a29db1-6546-4696-9b26-ca83e8e2e48e,IN,Box Truck,2026,West,1,M,Licensed,NJ,Parked,Left Side Doors,No Damage,No Damage,No Damage,No Damage,N,Pedestrian/Bicyclist/Other Pedestrian Error/Confusion,Pedestrian/Bicyclist/Other Pedestrian Error/Confusion,FRHT-TRUCK/BUS,
20946760,4846830,2025-09-30T00:00:00.000,4:44,f9ef9212-faa0-47b7-8f1b-f3569f43f0d3,,Bike,,West,0,,,,Going Straight Ahead,Center Front End,No Damage,No Damage,No Damage,No Damage,N,Driver Inattention/Distraction,Unspecified,,
20945967,4846245,2025-09-30T00:00:00.000,7:05,df5055da-1854-4d0f-a83f-68ff132b8991,NY,Box Truck,2023,South,1,M,Licensed,NY,Merging,Right Front Quarter Panel,Right Side Doors,Right Front Bumper,,,N,Driver Inattention/Distraction,Driver Inattention/Distraction,FRHT-TRUCK/BUS,
20946019,4846372,2025-09-30T00:00:00.000,6:57,437312c0-8fba-479f-b207-de8fe382828f,PA,Sedan,2015,South,0,,,,Parked,Center Back End,Center Back End,Center Front End,Center Front End,Left Rear Bumper,N,Unspecified,Unspecified,PORS -CAR/SUV,
20946660,4846920,2025-09-30T00:00:00.000,10:40,a897b468-45b2-41a2-b429-40b72e96b5cf,NY,Box Truck,2024,West,0,,,,Going Straight Ahead,No Damage,No Damage,No Damage,No Damage,No Damage,N,Passing Too Closely,,ISU-TRUCK/BUS,
20946026,4846381,2025-09-30T00:00:00.000,9:39,8c150029-3a51-4217-9f2f-59fbd64e1328,PA,Station Wagon/Sport Utility Vehicle,2015,East,0,,,,Parked,Left Front Bumper,Left Front Bumper,Left Front Quarter Panel,,,N,Unspecified,Unspecified,HOND -CAR/SUV,
20945992,4846478,2025-09-30T00:00:00.000,15:50,00ce85aa-1c66-41a1-8897-866898b14d52,NY,Station Wagon/Sport Utility Vehicle,2013,West,3,M,Licensed,NY,Making Right Turn,Center Back End,Center Back End,,Right Rear Bumper,,N,Unspecified,Unspecified,FORD -CAR/SUV,
20946843,4846942,2025-09-30T00:00:00.000,10:20,27102780-5c8d-4057-828c-b6100b950fee,NY,Station Wagon/Sport Utility Vehicle,2024,East,1,M,Licensed,NY,Going Straight Ahead,Roof,Roof,Roof,Roof,,N,Unspecified,Unspecified,TOYT -CAR/SUV,
20946954,4846995,2025-09-30T00:00:00.000,0:00,41183a0a-1cee-4507-9629-8eb4b5b519ae,NY,Station Wagon/Sport Utility Vehicle,2010,South,0,M,Licensed,NY,Going Straight Ahead,Center Front End,Center Front End,Left Front Bumper,Right Front Bumper,,N,Driver Inattention/Distraction,Driver Inattention/Distraction,HOND -CAR/SUV,
20946021,4846373,2025-09-30T00:00:00.000,7:00,0d6a4efe-24bc-4e00-aa4e-555a7a9d29a3,FL,Station Wagon/Sport Utility Vehicle,,South,0,,,,Going Straight Ahead,Right Front Bumper,Right Front Bumper,,,,N,Unspecified,Unspecified,FORD -CAR/SUV,
20946162,4846707,2025-09-30T00:00:00.000,14:36,61e8151b-6e29-4577-9bab-7323828615af,NY,Sedan,2022,North,1,M,Licensed,NY,Parked,Left Rear Quarter Panel,Left Rear Quarter Panel,No Damage,No Damage,No Damage,Unspecified,Unspecified,Unspecified,CHEV -CAR/SUV,
20946429,4846635,2025-09-30T00:00:00.000,0:20,dc9e3b7b-e72f-4623-ab10-3138e136a3a6,NY,Station Wagon/Sport Utility Vehicle,2023,North,0,,,,Parked,Center Back End,Right Rear Quarter Panel,Center Back End,,,N,Unspecified,Unspecified,CHEV -CAR/SUV,
20946354,4846710,2025-09-30T00:00:00.000,0:00,2d84a6df-9c4d-4b93-b8ed-d0cea9c35133,NY,Sedan,2008,South,2,M,Licensed,NY,Going Straight Ahead,Left Rear Bumper,Center Back End,Center Back End,Center Back End,Center Back End,N,Unspecified,Unspecified,HOND -CAR/SUV,
20946441,4846592,2025-09-30T00:00:00.000,15:20,2d4640d1-a25b-47ad-b49c-5db72b1931af,NY,Sedan,1994,West,1,M,Licensed,NY,Stopped in Traffic,Left Side Doors,Left Side Doors,Left Rear Quarter Panel,,,N,Unspecified,Unspecified,HOND -CAR/SUV,
20945851,4846256,2025-09-30T00:00:00.000,6:30,9901b4ab-b780-4a4e-8848-ad35337a6c09,CT,Van,2011,North,1,M,Licensed,CT,Going Straight Ahead,Left Front Quarter Panel,Left Side Doors,Left Front Bumper,Other,Other,N,Unspecified,Unspecified,,
20947038,4846818,2025-09-30T00:00:00.000,9:25,b3541e5f-0d11-41cd-badb-c8796ba4a771,NY,Bus,2017,East,2,F,Licensed,NY,Going Straight Ahead,Left Rear Quarter Panel,Left Rear Quarter Panel,,,,N,Following Too Closely,Following Too Closely,CHEV-TRUCK/BUS,
20946385,4846671,2025-09-30T00:00:00.000,13:20,9c66d627-fe68-4b01-9d48-b6c4f51605a7,NY,Sedan,2016,West,2,F,Licensed,NY,Stopped in Traffic,Left Rear Bumper,Left Rear Bumper,,,Left Rear Bumper,N,Unspecified,Unspecified,NISS -CAR/SUV,
20947077,4846796,2025-09-30T00:00:00.000,7:20,bdb279c5-60ee-4354-8d2f-cbbb42c9af6d,NY,Sedan,2017,North,0,F,Licensed,NY,Parked,Left Rear Bumper,Left Rear Bumper,Left Rear Quarter Panel,,,N,Unspecified,Unspecified,TOYT -CAR/SUV,
20945716,4846488,2025-09-30T00:00:00.000,13:40,8b5132d8-edf0-4ece-b5f2-9c123cdffa43,NY,Sedan,2002,North,1,M,Licensed,NY,Making Right Turn,Left Front Bumper,Left Front Bumper,No Damage,No Damage,No Damage,N,Unspecified,Unspecified,HOND -CAR/SUV,
20946443,4846530,2025-09-30T00:00:00.000,18:45,70d078b7-f781-4890-a6eb-d2865936b705,NY,Station Wagon/Sport Utility Vehicle,1999,North,4,M,Licensed,NY,Going Straight Ahead,Right Rear Quarter Panel,Right Rear Quarter Panel,,,,Unspecified,Other Vehicular,Other Vehicular,LEXS -CAR/SUV,
20946397,4846755,2025-09-30T00:00:00.000,9:00,160cd606-4bd2-459b-b657-d97b690e1665,OH,Station Wagon/Sport Utility Vehicle,2001,North,1,,,,Going Straight Ahead,Center Front End,Center Front End,Left Front Bumper,Right Front Bumper,,N,Unsafe Speed,Driver Inattention/Distraction,ACUR -CAR/SUV,
20946248,4846750,2025-09-30T00:00:00.000,23:24,2b3d37f1-d80d-452a-9e4b-265aa2aefbb9,TX,Station Wagon/Sport Utility Vehicle,2025,North,3,,,,Going Straight Ahead,Center Front End,Center Front End,Left Front Quarter Panel,Left Side Doors,Left Rear Quarter Panel,Unspecified,Unsafe Speed,Aggressive Driving/Road Rage,KIA -CAR/SUV,
20946955,4846997,2025-09-30T00:00:00.000,16:01,5933b8f4-c18a-493c-8a4f-6126ad612172,,Moped,,Unknown,1,,,,Going Straight Ahead,Center Front End,Center Front End,,,,N,Unspecified,Unspecified,,
20945698,4846312,2025-09-30T00:00:00.000,10:48,64063a5e-5d98-44dc-a60f-ba344bdeb3c8,NJ,Station Wagon/Sport Utility Vehicle,2015,South,1,F,Unlicensed,NY,Going Straight Ahead,Right Side Doors,Right Side Doors,Right Front Quarter Panel,Right Rear Quarter Panel,No Damage,N,Driver Inattention/Distraction,Driver Inexperience,HOND -CAR/SUV,
20946401,4846742,2025-09-30T00:00:00.000,16:30,e39aaccb-9365-4fec-ae7a-305a39c116b0,,,,South,,,,,Going Straight Ahead,Center Front End,,,,,N,Driver Inattention/Distraction,Driver Inexperience,,
20945681,4846464,2025-09-30T00:00:00.000,14:17,cc0268e0-e863-41ce-b410-52a357dbff07,MD,Sedan,2025,East,1,M,Licensed,MD,Making U Turn,Right Front Bumper,Right Front Bumper,No Damage,No Damage,No Damage,N,Driver Inattention/Distraction,Unspecified,TOYT -CAR/SUV,
20945714,4846461,2025-09-30T00:00:00.000,13:30,0001d59d-00eb-4004-a0b6-ce77325e5310,NY,Motorcycle,2018,North,0,M,Licensed,NY,Parked,Overturned,Overturned,Overturned,Overturned,Overturned,N,Unspecified,Unspecified,HD -MCL,
20946703,4846902,2025-09-30T00:00:00.000,8:10,08f51fbc-96bf-4f69-95a8-21a2d71de095,ZZ,Standing S,,South,1,M,Licensed,NY,Going Straight Ahead,Center Front End,Center Front End,Center Front End,Center Front End,Center Front End,N,Unsafe Speed,Unsafe Speed,NA,
20946170,4846549,2025-09-30T00:00:00.000,15:32,759e2366-bfe9-4e8e-90b1-512de820912b,NY,Sedan,2018,West,1,M,Licensed,NY,Going Straight Ahead,Center Back End,Center Back End,No Damage,No Damage,No Damage,N,Unspecified,Unspecified,TOYT -CAR/SUV,
20945548,4846263,2025-09-30T00:00:00.000,8:36,d175441e-7e52-4111-9303-2fe24696ee32,NJ,Tractor Truck Diesel,2022,Unknown,1,M,Licensed,NY,Going Straight Ahead,Right Front Quarter Panel,Right Front Quarter Panel,No Damage,No Damage,No Damage,N,Unspecified,Unspecified,KW-TRUCK/BUS,
20946259,4846555,2025-09-30T00:00:00.000,14:30,f51619d3-7dc2-447f-960e-07320223167d,NY,Sedan,2014,South,0,,,,Parked,Center Front End,Center Front End,,,,N,Unspecified,Unspecified,FORD -CAR/SUV,
20946382,4846570,2025-09-30T00:00:00.000,17:10,c1854dc1-2d84-4675-b1b1-a43e1c6687ec,NY,Sedan,2013,East,2,M,Licensed,NY,Starting in Traffic,Left Front Bumper,Left Front Bumper,Left Front Bumper,Left Front Bumper,,N,Following Too Closely,Following Too Closely,NISS -CAR/SUV,
20945973,4846410,2025-09-30T00:00:00.000,14:00,5edb8041-7a1c-49a8-9088-d97794a73f30,NY,Station Wagon/Sport Utility Vehicle,2024,East,1,M,Licensed,NY,Making Right Turn,Right Front Quarter Panel,No Damage,No Damage,No Damage,No Damage,N,Driver Inattention/Distraction,Unspecified,KIA -CAR/SUV,
20946175,4846614,2025-09-30T00:00:00.000,0:00,cf20b3f6-45a3-4113-9bd3-62f752b1b8e9,NY,Sedan,2004,West,1,M,Licensed,NY,Merging,Left Front Bumper,Left Front Bumper,Left Front Quarter Panel,,,N,Failure to Yield Right-of-Way,Unspecified,VOLK -CAR/SUV,
20946751,4846873,2025-09-30T00:00:00.000,11:40,ba5571a5-eb68-47c1-8e5c-2840786c4583,NY,Sedan,2015,North,1,F,Licensed,NY,Backing,Left Rear Quarter Panel,Left Rear Quarter Panel,,,,N,Backing Unsafely,Driver Inattention/Distraction,HOND -CAR/SUV,
20945633,4846407,2025-09-30T00:00:00.000,14:01,074c47f1-2662-4baf-8c27-2fc94a8e2678,NY,Sedan,2020,East,1,M,Licensed,NY,Slowing or Stopping,Left Rear Quarter Panel,Left Side Doors,Left Front Quarter Panel,,,N,Unspecified,Unspecified,HOND -CAR/SUV,
20946386,4846671,2025-09-30T00:00:00.000,13:20,27ac3dcf-8107-490e-b565-93d1ed920935,NY,Sedan,2021,West,1,M,Licensed,NY,Going Straight Ahead,Left Front Bumper,Left Front Bumper,,,,N,Driver Inattention/Distraction,Driver Inattention/Distraction,HOND -CAR/SUV,
20945995,4846480,2025-09-30T00:00:00.000,19:42,a98e257f-e457-44e0-8c6b-292f7a5f929d,NY,Pick-up Truck,2024,West,1,M,Licensed,NY,Going Straight Ahead,Center Front End,Left Front Quarter Panel,,,,N,Following Too Closely,Vehicle Vandalism,NISS -CAR/SUV,
20946991,4846776,2025-09-30T00:00:00.000,13:40,92107a3e-f04a-4f61-80a0-2db97eaf50b5,PA,Sedan,,West,1,,,,Going Straight Ahead,Right Front Bumper,Right Front Bumper,No Damage,No Damage,No Damage,N,Driver Inattention/Distraction,Passing Too Closely,FORD -CAR/SUV,
20945632,4846424,2025-09-30T00:00:00.000,13:48,6b14eb9c-f9d9-427e-9c04-ac4799b2699e,NY,Station Wagon/Sport Utility Vehicle,2018,West,1,F,Licensed,NY,Parked,Left Side Doors,Left Side Doors,Left Rear Quarter Panel,,,N,Unspecified,Unspecified,MERZ -CAR/SUV,
20946957,4846996,2025-09-30T00:00:00.000,17:00,d2ede91e-e10c-4402-b1b2-bd954d0df7f3,NY,Station Wagon/Sport Utility Vehicle,2020,South,2,F,Licensed,NY,Slowing or Stopping,Center Back End,Center Back End,,,,N,Unspecified,Unspecified,JEEP -CAR/SUV,
20946889,4846979,2025-09-30T00:00:00.000,17:22,d930327c-611c-4ece-84a1-03506f5a88e2,ZZ,Bike,,North,1,F,,,Going Straight Ahead,Other,Other,Other,Other,Other,N,Unspecified,Unspecified,,
20946759,4846830,2025-09-30T00:00:00.000,4:44,8a804444-e31a-47dc-b60d-f78212c683e1,NJ,Station Wagon/Sport Utility Vehicle,2022,South,1,M,Licensed,NJ,Making Left Turn,Center Front End,No Damage,No Damage,No Damage,No Damage,N,Driver Inattention/Distraction,Unspecified,JEEP -CAR/SUV,
20946752,4846878,2025-09-30T00:00:00.000,19:08,53d633e8-d834-4ff7-b188-9f9203a3d3c8,NY,Sedan,2003,East,2,M,Licensed,NY,Going Straight Ahead,Right Side Doors,Right Rear Quarter Panel,No Damage,No Damage,No Damage,N,Unspecified,Unspecified,NISS -CAR/SUV,
20946238,4846586,2025-09-30T00:00:00.000,6:30,7d68a107-fa07-46c6-8a23-ced88f27da77,NY,Sedan,2018,North,1,M,Licensed,NY,Changing Lanes,Left Front Bumper,Center Front End,Right Front Bumper,Left Front Bumper,Center Front End,N,Other Vehicular,Other Vehicular,MERZ -CAR/SUV,
20945712,4846443,2025-09-30T00:00:00.000,14:35,7765c13a-f464-4a18-971a-17d07d6001f6,NY,Station Wagon/Sport Utility Vehicle,2023,East,1,M,Licensed,NY,Going Straight Ahead,Right Front Quarter Panel,Right Side Doors,,,,N,Unspecified,Unspecified,FORD -CAR/SUV,
20946826,4846849,2025-09-30T00:00:00.000,16:18,956eea86-5ade-4467-80c5-c9f68c280a3a,NY,Station Wagon/Sport Utility Vehicle,2025,West,1,M,Licensed,NY,Parked,Left Front Bumper,Left Front Bumper,Left Front Quarter Panel,No Damage,No Damage,N,Unspecified,Unspecified,HYUN -CAR/SUV,
20946951,4846992,2025-09-30T00:00:00.000,1:20,bdad9cd9-2669-4a1d-901b-5784ca28ad5d,NY,Sedan,2013,West,3,M,Licensed,NY,Making Right Turn,Center Front End,Center Front End,Left Front Bumper,Right Front Bumper,No Damage,N,Unsafe Speed,Unspecified,BMW -CAR/SUV,
20946396,4846755,2025-09-30T00:00:00.000,9:00,82baab4a-2697-4952-a943-fa159092fccd,NY,Station Wagon/Sport Utility Vehicle,2008,South,0,,,,Parked,Center Front End,Center Front End,Left Front Bumper,Right Front Bumper,Left Front Quarter Panel,N,Unspecified,Unspecified,CHEV -CAR/SUV,
20946652,4846852,2025-09-30T00:00:00.000,19:25,5cbd5dd5-f044-4bb5-be3f-3144d69bd304,NJ,Sedan,2006,West,2,M,Unlicensed,NY,Going Straight Ahead,Center Front End,Right Front Bumper,Center Front End,,,N,Following Too Closely,Unspecified,JEEP -CAR/SUV,
20946219,4846609,2025-09-30T00:00:00.000,16:45,fb7eadb5-c827-4223-a2e7-de658aac7259,PA,Sedan,2015,East,1,M,Licensed,PA,Parked,Right Front Quarter Panel,Right Side Doors,Right Rear Quarter Panel,,,N,Unspecified,Unspecified,AUDI -CAR/SUV,
20945801,4846445,2025-09-30T00:00:00.000,21:00,cbb85e4d-d47a-44bc-96f3-ba3d95b148c3,,,,South,,,,,Making U Turn,Center Front End,Center Front End,No Damage,No Damage,No Damage,Unspecified,Driver Inattention/Distraction,Driver Inattention/Distraction,,
20945775,4846497,2025-09-30T00:00:00.000,20:16,52659a84-d9b5-432b-9024-ad4d7e2a3e21,NY,Sedan,2016,North,1,M,,,Making U Turn,Center Back End,Left Front Bumper,Left Front Bumper,Left Front Bumper,Left Front Bumper,N,Unspecified,Unspecified,GMC -CAR/SUV,
20947015,4846841,2025-09-30T00:00:00.000,6:30,b33b5cbf-f54c-48d4-ae19-a5bea7657301,NY,Sedan,2025,North,1,M,Licensed,NY,Going Straight Ahead,Right Front Quarter Panel,Right Front Bumper,Right Side Doors,Center Front End,No Damage,N,Unspecified,Unspecified,TOYT -CAR/SUV,
20946695,4846505,2025-09-30T00:00:00.000,15:46,380ee269-1afb-49bc-8979-5dc437753462,,,,,,,,,,,,,,,Unspecified,,,,
20946958,4846996,2025-09-30T00:00:00.000,17:00,db2cc5f9-4ab9-4d09-89d6-b00fc6a25904,,Station Wagon/Sport Utility Vehicle,,South,1,,,,Going Straight Ahead,Center Front End,No Damage,,,,N,Driver Inattention/Distraction,Driver Inexperience,,
20946579,4846517,2025-09-30T00:00:00.000,17:30,629bba2b-9f57-4dff-a2fe-9669b1bf757d,NY,Station Wagon/Sport Utility Vehicle,2022,West,1,F,Licensed,NY,Parked,Left Rear Bumper,Left Rear Bumper,Left Rear Quarter Panel,,,N,Unspecified,Unspecified,TOYT -CAR/SUV,
20946463,4846574,2025-09-30T00:00:00.000,9:40,af24871d-c969-4f08-9053-871963c1eb6d,NY,Garbage or Refuse,2019,South,1,M,Licensed,NY,Going Straight Ahead,Right Front Bumper,No Damage,,,,N,Unspecified,Unspecified,MACK-TRUCK/BUS,
20945483,4846499,2025-09-30T00:00:00.000,14:20,0a86108d-10fd-4152-a1ed-a6a022e5deff,NJ,Station Wagon/Sport Utility Vehicle,2026,West,1,M,Licensed,NY,Making Right Turn,Right Front Bumper,Right Front Bumper,Center Front End,Left Front Bumper,Right Front Bumper,N,Unspecified,Unspecified,BMW -CAR/SUV,
20946379,4846677,2025-09-30T00:00:00.000,11:17,662095c0-5747-480d-b042-745e216d18b9,NY,Station Wagon/Sport Utility Vehicle,2022,South,1,F,Licensed,NY,Going Straight Ahead,Left Front Bumper,Left Front Quarter Panel,Left Side Doors,Left Rear Quarter Panel,Right Front Quarter Panel,N,Following Too Closely,Driver Inattention/Distraction,TOYT -CAR/SUV,
20946956,4846996,2025-09-30T00:00:00.000,17:00,6a94645c-e378-4f4d-9e03-a222f5bb3551,NY,Station Wagon/Sport Utility Vehicle,2015,South,1,M,Licensed,NY,Going Straight Ahead,Center Back End,Center Back End,,,,N,Unspecified,Unspecified,TOYT -CAR/SUV,
20945709,4846252,2025-09-30T00:00:00.000,7:50,74f6da4d-6587-485c-9487-c699b46e9ed4,PQ,Tractor Truck Diesel,2024,West,0,M,Licensed,PQ,Other*,Left Front Bumper,Left Front Bumper,No Damage,No Damage,No Damage,N,Unspecified,Unspecified,PTRB-TRUCK/BUS,
20947078,4846796,2025-09-30T00:00:00.000,7:20,202641e6-a407-4f8b-a9b2-f3c861a7827e,,,,North,,,,,,,,,,,Unspecified,Driver Inattention/Distraction,Unspecified,,
20945611,4846335,2025-09-30T00:00:00.000,12:10,760f1910-3a1a-40f3-9718-31341eb442ca,GA,Sedan,2012,East,1,M,,,Backing,Right Rear Quarter Panel,Right Rear Quarter Panel,Right Rear Bumper,No Damage,No Damage,N,Driver Inattention/Distraction,Backing Unsafely,BMW -CAR/SUV,
20946260,4846555,2025-09-30T00:00:00.000,14:30,cf4cb8d3-23e3-48f4-9c34-f5a1db417f70,NY,Ambulance,2023,East,1,M,Licensed,NY,Going Straight Ahead,Left Rear Quarter Panel,Left Rear Quarter Panel,,,,Unspecified,Driver Inattention/Distraction,Passing Too Closely,FORD-TRUCK/BUS,
20946444,4846530,2025-09-30T00:00:00.000,18:45,0e4342c3-e420-49ed-bda8-282e3b97f05d,,,,,,,,,,,,,,,Unspecified,,,,
20945547,4846471,2025-09-30T00:00:00.000,17:00,bf51dd43-0fe7-490b-8df2-cca289eb08c8,NY,Sedan,2012,South,1,M,Licensed,NY,Changing Lanes,Left Front Bumper,Left Front Bumper,,,,N,Unspecified,Unspecified,FORD -CAR/SUV,
20946360,4846725,2025-09-30T00:00:00.000,11:40,e71596df-a2e3-4948-8b61-e59a035d5627,CT,Sedan,2021,South,0,,,,Parked,Right Rear Bumper,Right Rear Bumper,No Damage,No Damage,No Damage,N,Unspecified,Unspecified,HYUN -CAR/SUV,
20946910,4846962,2025-09-30T00:00:00.000,15:53,97a226cc-e164-45a9-a6f3-4dc672db69c3,NY,Sedan,2017,South,1,M,Licensed,NY,Going Straight Ahead,Right Rear Bumper,Right Rear Bumper,Center Back End,Center Back End,,N,Unspecified,Unspecified,HOND -CAR/SUV,
20945991,4846477,2025-09-30T00:00:00.000,11:25,22aeb816-0209-47de-8c47-3be59ee0aeb6,NY,Sedan,2024,West,1,,,,Going Straight Ahead,Right Side Doors,No Damage,,,,N,Failure to Yield Right-of-Way,Unspecified,NISS -CAR/SUV,
20946025,4846377,2025-09-30T00:00:00.000,10:03,b2ccca2d-b732-4211-9222-5b37515d2357,NY,Sedan,2016,West,3,M,Licensed,NY,Merging,Center Front End,Center Front End,Right Front Bumper,Right Front Quarter Panel,Center Front End,N,Unspecified,Unspecified,FORD -CAR/SUV,
20946694,4846505,2025-09-30T00:00:00.000,15:46,a2a565b0-63f4-48da-81a1-ddc8931521fd,PA,Station Wagon/Sport Utility Vehicle,2012,South,3,F,Licensed,NY,Other*,Center Front End,Center Front End,Left Front Bumper,Right Front Bumper,Other,N,Other Vehicular,Unspecified,DODG -CAR/SUV,
20946192,4846581,2025-09-30T00:00:00.000,9:03,55b87b35-31b4-41fd-9a7b-e706073d216a,NY,Sedan,2016,South,2,F,Licensed,NY,Going Straight Ahead,Center Front End,No Damage,No Damage,No Damage,No Damage,N,Unspecified,Unspecified,CHEV -CAR/SUV,
20946203,4846619,2025-09-30T00:00:00.000,7:56,eaa01970-b3b2-413f-8c86-758ba0182d0f,NY,Station Wagon/Sport Utility Vehicle,2013,West,4,M,Licensed,NY,Going Straight Ahead,Center Front End,Center Front End,Center Front End,Center Front End,Center Front End,N,Driver Inattention/Distraction,Driver Inexperience,HOND -CAR/SUV,
20946541,4846583,2025-09-30T00:00:00.000,11:35,2a2ecf54-606c-4232-ab96-df834049f515,NY,Station Wagon/Sport Utility Vehicle,2024,West,1,M,Licensed,NY,Stopped in Traffic,Right Front Bumper,Right Front Bumper,,,,N,Other Vehicular,Unspecified,TOYT -CAR/SUV,
20945485,4846299,2025-09-30T00:00:00.000,0:00,c3853e6b-3aae-4626-804f-5ce1587fafb6,NY,Station Wagon/Sport Utility Vehicle,2008,West,1,M,Licensed,NY,Changing Lanes,Left Side Doors,Left Side Doors,,,,N,Unsafe Lane Changing,Unspecified,CHEV -CAR/SUV,
20945741,4846257,2025-09-30T00:00:00.000,7:55,a1e07196-7f27-4d66-b57e-37de9bab52e7,PA,Sedan,,East,1,,,,Going Straight Ahead,Right Front Bumper,Right Front Bumper,Right Front Quarter Panel,,,N,Other Vehicular,Unspecified,HOND -CAR/SUV,
20946976,4846864,2025-09-30T00:00:00.000,10:00,60e71688-b8a2-4da3-aba6-5735fe078eab,NY,Station Wagon/Sport Utility Vehicle,2024,West,1,M,Licensed,NY,Going Straight Ahead,Center Back End,Center Back End,,,,N,Unspecified,Unspecified,JEEP -CAR/SUV,
20946521,4846623,2025-09-30T00:00:00.000,8:38,6e9a2f4c-ab1b-4b2c-9d69-fe63f2996cc6,NY,Sedan,2024,East,0,M,Licensed,NY,Going Straight Ahead,Left Rear Quarter Panel,Left Rear Quarter Panel,Left Rear Bumper,Left Side Doors,Left Front Quarter Panel,N,Unspecified,Unspecified,NISS -CAR/SUV,
20946034,4846414,2025-09-30T00:00:00.000,19:33,420ace2c-c2fe-48cd-be84-d3403b53c149,WY,Sedan,2011,West,1,F,Licensed,NY,Going Straight Ahead,Center Front End,Center Front End,Center Front End,Center Front End,,N,Following Too Closely,Following Too Closely,MERZ -CAR/SUV,
20945794,4846444,2025-09-30T00:00:00.000,12:56,abfba73f-d449-4ec9-94c9-7259f745ea60,NY,Sedan,2017,West,3,M,Licensed,NY,Going Straight Ahead,Left Front Quarter Panel,Left Front Quarter Panel,,,,N,Failure to Yield Right-of-Way,Driver Inattention/Distraction,MERZ -CAR/SUV,
20946876,4846800,2025-09-30T00:00:00.000,10:50,a337236e-6f44-4204-a196-6a1ce8783b39,NY,Sedan,2017,East,1,M,Licensed,NY,Making Right Turn,Left Side Doors,Left Rear Bumper,Left Rear Quarter Panel,Left Rear Bumper,Center Back End,N,Unspecified,Unspecified,FORD -CAR/SUV,
20946842,4846942,2025-09-30T00:00:00.000,10:20,26e278f4-e93c-4ed0-9a89-5700a589c458,NY,Station Wagon/Sport Utility Vehicle,2020,East,1,M,Licensed,NY,Going Straight Ahead,Left Front Bumper,Center Front End,Left Front Quarter Panel,,,Y,Fell Asleep,Driver Inattention/Distraction,HOND -CAR/SUV,
20946430,4846433,2025-09-30T00:00:00.000,9:45,f234cb45-40a4-4723-9460-07a48aebdf02,NY,Station Wagon/Sport Utility Vehicle,2018,East,2,M,Licensed,NY,Going Straight Ahead,Center Back End,No Damage,,,,N,Unspecified,Unspecified,MERZ -CAR/SUV,
20946990,4846776,2025-09-30T00:00:00.000,13:40,538a7c18-eb0c-4a5a-a2a6-3cc8213ce9f6,NY,Station Wagon/Sport Utility Vehicle,2022,West,1,F,Licensed,NY,Starting from Parking,Left Front Bumper,Left Front Bumper,Left Front Quarter Panel,No Damage,No Damage,N,Unspecified,Unspecified,SUBA -CAR/SUV,
20945818,4846458,2025-09-30T00:00:00.000,17:45,220c5156-ac83-4306-b88d-6bb62a3726c6,NY,Station Wagon/Sport Utility Vehicle,2013,Southwest,0,M,Licensed,NY,Making Right Turn,Right Front Bumper,Right Front Bumper,Right Front Quarter Panel,Right Front Quarter Panel,Right Front Quarter Panel,N,Unspecified,Unspecified,CHEV -CAR/SUV,
20946316,4846538,2025-09-30T00:00:00.000,17:00,cdbd0da5-969d-444c-b410-54d049707c42,,Bike,,South,1,M,Licensed,NY,Going Straight Ahead,Center Front End,Center Front End,No Damage,No Damage,No Damage,N,Driver Inattention/Distraction,Traffic Control Disregarded,,
20946174,4846614,2025-09-30T00:00:00.000,0:00,dcac53ca-aa62-496f-8869-eaedba440723,NY,Box Truck,2020,West,1,M,Licensed,NY,Going Straight Ahead,Right Front Bumper,Right Front Quarter Panel,,,,N,Unspecified,Unspecified,HINO -TRUCK/BUS,
20946994,4846778,2025-09-30T00:00:00.000,16:30,bfdb2c8b-6e07-4a9e-a6d6-c98d2aaef89d,MA,Sedan,,East,1,,,,Changing Lanes,Right Front Quarter Panel,Right Front Quarter Panel,Right Side Doors,Right Rear Quarter Panel,,Unspecified,Passing or Lane Usage Improper,Aggressive Driving/Road Rage,AUDI -CAR/SUV,
20945852,4846260,2025-09-30T00:00:00.000,6:31,e57a4732-adf0-441e-9348-322304077b20,NY,Station Wagon/Sport Utility Vehicle,2024,South,1,M,Licensed,NY,Making Left Turn,Center Front End,No Damage,,,,N,Driver Inattention/Distraction,Failure to Yield Right-of-Way,FORD -CAR/SUV,
20945822,4846485,2025-09-30T00:00:00.000,9:07,01f7182a-1dee-4ae2-ae87-b60943c3af85,NY,Station Wagon/Sport Utility Vehicle,2009,East,1,,,,Changing Lanes,Right Front Bumper,Right Front Quarter Panel,,,,N,Following Too Closely,Passing or Lane Usage Improper,TOYT -CAR/SUV,
20946530,4846513,2025-09-30T00:00:00.000,3:15,affb06ff-d7d8-4322-bf2d-fa5b603b1e2a,NY,Station Wagon/Sport Utility Vehicle,2021,North,3,F,Licensed,NY,Going Straight Ahead,Right Front Bumper,Right Front Bumper,Right Front Quarter Panel,No Damage,No Damage,N,Traffic Control Disregarded,Unspecified,TOYT -CAR/SUV,
20946201,4846733,2025-09-30T00:00:00.000,12:24,3899fc4e-d927-4f7d-872a-333c1febb651,PA,Sedan,2024,North,2,F,Licensed,NY,Going Straight Ahead,Left Front Quarter Panel,Left Front Quarter Panel,,,,N,Unspecified,Unspecified,HOND -CAR/SUV,
20946193,4846581,2025-09-30T00:00:00.000,9:03,757aaf27-67c9-4a64-9361-a77806c86b7a,NY,Pick-up Truck,2024,North,0,M,Licensed,NY,Backing,Right Rear Bumper,No Damage,No Damage,No Damage,No Damage,N,Backing Unsafely,Backing Unsafely,FORD -CAR/SUV,
20947039,4846818,2025-09-30T00:00:00.000,9:25,0cd5e6ac-b13c-40bd-ace3-e59cda45dc57,NY,Sedan,2015,East,2,F,Licensed,NY,Going Straight Ahead,Right Front Bumper,Right Front Bumper,,,,N,Following Too Closely,Following Too Closely,HOND -CAR/SUV,
20946888,4846979,2025-09-30T00:00:00.000,17:22,d0009206-53e2-4589-9145-6d61f57aa4c0,ZZ,,,North,,,,,Going Straight Ahead,Other,Other,Other,Other,Other,Unspecified,Unspecified,Unspecified,,
20946229,4846526,2025-09-30T00:00:00.000,23:00,c1c0eb45-8281-4d59-9aca-158eb41056b7,PA,,2024,South,,,,,Changing Lanes,Right Front Quarter Panel,Right Front Quarter Panel,,,,Unspecified,Driver Inattention/Distraction,Unspecified,MERZ -CAR/SUV,
20947081,4846792,2025-09-30T00:00:00.000,16:00,ce1ac3c7-97ca-4b58-937e-321e2b0be6e3,NY,Sedan,2021,North,1,F,Licensed,NY,Making Right Turn,Left Front Quarter Panel,Left Front Quarter Panel,,,,N,Unspecified,Unspecified,BMW -CAR/SUV,
20945736,4846392,2025-09-30T00:00:00.000,15:52,0fab6cd7-e979-4d13-ba57-d5b8bdb9ad0d,PA,Sedan,2012,West,2,M,Licensed,NY,Parked,Left Side Doors,Left Side Doors,Left Front Quarter Panel,,,N,Traffic Control Disregarded,Driver Inattention/Distraction,HOND -CAR/SUV,
20945550,4846476,2025-09-30T00:00:00.000,16:51,76b84725-8793-404b-a86a-a6768ecc6d89,NY,Sedan,2008,Northeast,0,,,,Parked,Left Side Doors,Left Rear Quarter Panel,Left Rear Bumper,Center Back End,Left Front Quarter Panel,N,Unspecified,Unspecified,SUBA -CAR/SUV,
20945702,4846435,2025-09-30T00:00:00.000,20:07,ef667e74-1595-49d4-91be-9f4a3f3a4aa8,NY,Station Wagon/Sport Utility Vehicle,2016,West,1,M,Licensed,NY,Starting in Traffic,Center Back End,Center Back End,Center Back End,Center Back End,Center Back End,N,Backing Unsafely,Driver Inattention/Distraction,ACUR -CAR/SUV,
20946365,4846723,2025-09-30T00:00:00.000,21:50,221513e1-5ad9-4d94-bbf5-613d00607db3,GA,Station Wagon/Sport Utility Vehicle,2014,South,2,M,Licensed,NY,Going Straight Ahead,Left Side Doors,Left Side Doors,No Damage,No Damage,No Damage,N,Other Vehicular,Unspecified,DODG -CAR/SUV,
20945484,4846499,2025-09-30T00:00:00.000,14:20,05023534-b262-4df3-8be6-e35a3b5ef145,NJ,Sedan,2013,South,1,M,,,Making Left Turn,Left Front Bumper,Center Front End,Right Front Bumper,Left Front Bumper,Right Front Bumper,N,Driver Inexperience,Driver Inattention/Distraction,FORD -CAR/SUV,
20946204,4846619,2025-09-30T00:00:00.000,7:56,ead23e09-47e6-4bc4-9cb6-b45bbaa092aa,OH,Sedan,2018,South,1,M,Licensed,NY,Going Straight Ahead,Left Side Doors,Left Front Quarter Panel,Left Front Quarter Panel,Left Front Quarter Panel,Left Front Quarter Panel,N,Driver Inattention/Distraction,Driver Inattention/Distraction,HYUN -CAR/SUV,
20945604,4846317,2025-09-30T00:00:00.000,12:05,fb4c06ed-5a7c-4fd9-89a1-2e652a68be69,NY,Box Truck,2022,East,1,M,Licensed,NY,Going Straight Ahead,Center Front End,Center Front End,,,,N,Following Too Closely,Driver Inattention/Distraction,FRHT-TRUCK/BUS,
20946173,4846522,2025-09-30T00:00:00.000,18:50,cff0ed8f-104c-4ac8-99c0-9dc41065699e,NY,Sedan,2017,South,0,,,,Parked,Left Front Bumper,Left Front Bumper,No Damage,No Damage,No Damage,N,Unspecified,Unspecified,KIA -CAR/SUV,
20946993,4846778,2025-09-30T00:00:00.000,16:30,93197f73-2328-41db-b0ca-c2dafe56ce5c,NY,Sedan,2020,East,1,M,Licensed,NY,Going Straight Ahead,Left Rear Quarter Panel,Left Side Doors,Left Front Quarter Panel,Left Front Bumper,,N,Unspecified,Unspecified,HOND -CAR/SUV,
20945715,4846461,2025-09-30T00:00:00.000,13:30,60b4bda3-f498-4cc7-b394-81eafbbc8942,,,,,,,,,,,,,,,Unspecified,,,,
20945993,4846478,2025-09-30T00:00:00.000,15:50,9518e1d2-fa0e-4c53-bfef-d643d3873f18,NJ,Station Wagon/Sport Utility Vehicle,2016,West,1,M,Licensed,NJ,Going Straight Ahead,Center Front End,Center Front End,,,,N,Following Too Closely,Unsafe Speed,FORD -CAR/SUV,
20946645,4846766,2025-09-30T00:00:00.000,7:26,35dd004a-d36a-4cec-8743-1647caa5916a,NY,Taxi,2021,South,1,M,Licensed,NY,Going Straight Ahead,Center Front End,Center Front End,,Center Front End,Center Front End,N,Failure to Yield Right-of-Way,Unspecified,TESL -CAR/SUV,
20945617,4846440,2025-09-30T00:00:00.000,1:07,a4c15faf-cf95-4f1b-9912-1d55eacdb1c3,,,,,,,,,,,,,,,Unspecified,,,,
20945680,4846464,2025-09-30T00:00:00.000,14:17,20bf21f8-0ab2-403b-9d23-1a05d483ff32,NY,Station Wagon/Sport Utility Vehicle,2023,East,1,M,Licensed,NY,Going Straight Ahead,Right Front Bumper,Right Front Bumper,Center Front End,No Damage,No Damage,N,Unspecified,Unspecified,TOYT -CAR/SUV,
20945743,4846257,2025-09-30T00:00:00.000,7:55,c4e4befd-7378-41d1-9eb5-aa212e5a70f8,CT,Station Wagon/Sport Utility Vehicle,2016,East,0,,,,Parked,Left Front Bumper,Left Front Quarter Panel,,,,N,Other Vehicular,Unspecified,SUBA -CAR/SUV,
20946160,4846610,2025-09-30T00:00:00.000,15:47,e4c4e7d2-78b8-4fba-a43b-edb730d44414,NY,Sedan,2023,North,1,F,Licensed,NY,Going Straight Ahead,Left Front Bumper,Left Front Bumper,No Damage,No Damage,No Damage,N,Driver Inattention/Distraction,Unspecified,AUDI -CAR/SUV,
20945487,4846500,2025-09-30T00:00:00.000,16:36,36598f59-9409-4e5a-b1a0-12c8ab845c1b,NY,Station Wagon/Sport Utility Vehicle,2019,North,1,F,Licensed,NY,Starting from Parking,Left Front Quarter Panel,Left Front Quarter Panel,Left Front Bumper,,,N,Other Vehicular,Other Vehicular,ACUR -CAR/SUV,
20946161,4846610,2025-09-30T00:00:00.000,15:47,f29b91cc-a1f0-4da8-9dc1-fd78ebe3e790,MD,Station Wagon/Sport Utility Vehicle,2020,North,3,M,Licensed,NY,Stopped in Traffic,Right Rear Bumper,Right Rear Bumper,No Damage,No Damage,No Damage,N,Unspecified,Unspecified,CHEV -CAR/SUV,
20946495,4846602,2025-09-30T00:00:00.000,22:30,3c1caf17-0afc-4c3a-8b67-d7da42cb6fad,NY,Station Wagon/Sport Utility Vehicle,2022,West,0,,,,Parked,Left Front Bumper,Left Front Bumper,Left Front Quarter Panel,Left Side Doors,No Damage,N,Unspecified,Unspecified,LEXS -CAR/SUV,
20945735,4846392,2025-09-30T00:00:00.000,15:52,2b5a7983-a159-448f-b2fb-092884180750,NY,Station Wagon/Sport Utility Vehicle,2019,West,2,M,Licensed,NY,Going Straight Ahead,Right Side Doors,Right Side Doors,Right Rear Quarter Panel,Right Rear Quarter Panel,,N,Unspecified,Unspecified,FORD -CAR/SUV,
20946363,4846723,2025-09-30T00:00:00.000,21:50,287025ff-8583-46a5-9a62-c9b27d1c4945,NY,Sedan,2014,South,1,F,Licensed,NY,Going Straight Ahead,Left Rear Bumper,Left Rear Bumper,No Damage,No Damage,No Damage,N,Other Vehicular,Unspecified,MERZ -CAR/SUV,
20946195,4846582,2025-09-30T00:00:00.000,17:49,9e846a7b-ff3b-485b-8775-bbc8e41b4563,,Standing S,,South,1,M,Licensed,NY,Making Right Turn,Center Front End,No Damage,No Damage,No Damage,No Damage,N,Unspecified,Unspecified,,
20946428,4846635,2025-09-30T00:00:00.000,0:20,d481ea3d-784a-4288-b63e-4287669907cb,NJ,Station Wagon/Sport Utility Vehicle,2008,North,0,M,,,Parked,Left Front Bumper,Center Front End,Right Front Bumper,Center Front End,Left Front Bumper,Unspecified,Fell Asleep,Driver Inattention/Distraction,MAZD -CAR/SUV,
20946798,4846814,2025-09-30T00:00:00.000,6:22,43b883a7-a72e-40b0-8eff-96a52940b126,NY,Sedan,2015,North,1,M,Licensed,NY,Going Straight Ahead,Left Front Bumper,Left Front Bumper,Center Front End,Right Front Bumper,,N,Unspecified,Unspecified,HYUN -CAR/SUV,
20945361,4846209,2025-09-30T00:00:00.000,2:05,7cf91def-b222-4829-a464-b64713411e99,NY,Station Wagon/Sport Utility Vehicle,2019,North,1,M,Licensed,NY,Going Straight Ahead,Center Front End,Center Front End,Center Front End,Center Front End,Center Front End,N,Unspecified,Unspecified,MERZ -CAR/SUV,
20945717,4846488,2025-09-30T00:00:00.000,13:40,210d3da2-a5fb-4751-b7e1-05f76f086fce,NY,Pick-up Truck,2008,North,1,M,Licensed,FL,Making Right Turn,Right Front Bumper,No Damage,No Damage,No Damage,No Damage,N,Turning Improperly,Passing Too Closely,CHEV -CAR/SUV,
20946029,4846382,2025-09-30T00:00:00.000,13:02,8a117096-5768-4f52-bc82-3fa84488b2e6,NY,Sedan,2025,East,0,F,Licensed,NY,Making Left Turn,Right Rear Quarter Panel,Right Rear Quarter Panel,Right Rear Bumper,Right Rear Bumper,Right Rear Quarter Panel,N,Unspecified,Unspecified,ACUR -CAR/SUV,
20946380,4846677,2025-09-30T00:00:00.000,11:17,9fb63d71-7615-47df-a993-575f2e92798e,NY,Station Wagon/Sport Utility Vehicle,2025,South,0,,,,Parked,Left Side Doors,Left Side Doors,Left Rear Quarter Panel,,,N,Unspecified,Unspecified,HOND -CAR/SUV,
20946406,4846594,2025-09-30T00:00:00.000,22:45,19772d71-4ecc-4e8c-a1af-1660d32799ea,NY,Station Wagon/Sport Utility Vehicle,2024,Unknown,0,,,,Parked,Left Side Doors,Left Side Doors,Left Side Doors,No Damage,No Damage,N,Unspecified,Unspecified,MAZD -CAR/SUV,
20946659,4846920,2025-09-30T00:00:00.000,10:40,9cab5ecc-6811-4ddd-800f-334088f15d08,NY,Taxi,2025,West,0,M,Licensed,NY,Parked,Left Front Bumper,Left Front Bumper,Other,No Damage,No Damage,N,Unspecified,Unspecified,TOYT -CAR/SUV,
20946651,4846852,2025-09-30T00:00:00.000,19:25,6c4eb85c-d015-4946-88bd-dd91f8f10de5,NY,Sedan,2021,West,2,M,Licensed,NY,Stopped in Traffic,Center Back End,Center Back End,Left Rear Bumper,,,N,Unspecified,Unspecified,VOLK -CAR/SUV,
20945763,4846467,2025-09-30T00:00:00.000,6:55,39136655-dcf9-4b1b-a4d5-3b5072d76286,,Bike,,West,1,M,Licensed,NY,Making Right Turn,Other,Other,Other,Other,Other,N,Unspecified,Unspecified,,
20946442,4846592,2025-09-30T00:00:00.000,15:20,db61af2d-663d-4564-aae6-8e04922f76f9,NY,Station Wagon/Sport Utility Vehicle,2017,East,1,M,Licensed,NY,Passing,Left Front Quarter Panel,Left Front Quarter Panel,No Damage,No Damage,,N,Passing or Lane Usage Improper,Unspecified,CHEV -CAR/SUV,
20945551,4846476,2025-09-30T00:00:00.000,16:51,328664b5-1666-4c1e-8d96-e96df947843f,NY,Moped,2023,Southeast,0,M,Licensed,NY,Making Right Turn,Left Front Bumper,Left Front Bumper,Center Front End,Right Front Bumper,,N,Aggressive Driving/Road Rage,Unsafe Speed,TQVC,
20945708,4846252,2025-09-30T00:00:00.000,7:50,1b381514-d101-497f-af18-5063b8cbb8e2,NY,Station Wagon/Sport Utility Vehicle,2007,West,1,M,Licensed,NY,Going Straight Ahead,Right Rear Quarter Panel,Right Rear Quarter Panel,No Damage,No Damage,No Damage,N,Unspecified,Unspecified,HOND -CAR/SUV,
20946874,4846892,2025-09-30T00:00:00.000,15:59,800cfb8c-070f-4f0e-be00-c81078c41054,NM,Sedan,2024,East,2,M,Licensed,NJ,Parked,Left Side Doors,Left Front Quarter Panel,No Damage,No Damage,Other,N,Unspecified,Unspecified,HYUN -CAR/SUV,
20946880,4846797,2025-09-30T00:00:00.000,17:56,ffead18c-2553-4a36-9544-68de491ead86,NY,Station Wagon/Sport Utility Vehicle,2024,East,0,,,,Parked,Left Front Quarter Panel,Left Front Quarter Panel,Left Front Quarter Panel,Left Front Quarter Panel,Left Front Quarter Panel,N,Unspecified,Unspecified,MAZD -CAR/SUV,
20945471,4846434,2025-09-30T00:00:00.000,17:17,76370cc1-e935-4d20-b232-021231bed953,NY,Station Wagon/Sport Utility Vehicle,2023,West,0,M,Licensed,NY,Slowing or Stopping,Center Back End,Center Back End,Center Front End,Center Back End,Center Front End,N,Other Vehicular,Other Vehicular,CHEV -CAR/SUV,
20946185,4846648,2025-09-30T00:00:00.000,8:46,2bdc1f6b-c10f-42e0-bafc-919fe46a6a76,NY,Station Wagon/Sport Utility Vehicle,2024,North,0,,,,Parked,Left Rear Quarter Panel,Left Side Doors,Left Front Quarter Panel,,,N,Unspecified,Unspecified,TOYT -CAR/SUV,
20946333,4846694,2025-09-30T00:00:00.000,15:59,5198445f-f33a-4cef-a10a-7be52798e6d5,,Bike,,South,1,M,,,Going Straight Ahead,No Damage,No Damage,No Damage,Other,No Damage,N,Other Vehicular,Other Vehicular,,
20945553,4846357,2025-09-30T00:00:00.000,13:00,91613e0c-945f-41a1-a8be-85d6fa71bcbd,PQ,Tractor Truck Diesel,2013,North,1,M,Licensed,PQ,Backing,Center Back End,Center Back End,,,,N,Unspecified,Unspecified,PTRB-TRUCK/BUS,
20946433,4846438,2025-09-30T00:00:00.000,17:58,022adbab-b2e7-4ad2-97e5-c23b1653dba8,,,,North,,,,,,Other,Other,,,,N,Unspecified,Unspecified,,
20946750,4846873,2025-09-30T00:00:00.000,11:40,1fef10d9-44da-4cba-91c1-e55bb2ea0f51,NY,Garbage or Refuse,2025,South,1,F,Licensed,NY,Passing,Right Front Bumper,Right Front Bumper,,,,N,Driver Inattention/Distraction,Following Too Closely,MACK-TRUCK/BUS,
20946586,4846735,2025-09-30T00:00:00.000,21:32,3c5a6ae7-2279-4e38-81ed-a8b48f420b2b,,,,,,,,,,,,,,,Unspecified,,,,
20946265,4846541,2025-09-30T00:00:00.000,9:30,fd50d289-2d0c-437c-980a-2dc25489f635,NY,Bus,2013,North,1,M,Licensed,NY,Going Straight Ahead,Right Front Bumper,Right Front Bumper,No Damage,No Damage,No Damage,N,Driver Inattention/Distraction,Unspecified,STARCRAFT,
20946186,4846648,2025-09-30T00:00:00.000,8:46,3a911838-3c84-46ba-ac27-2fe83f4cc4d9,,,,North,,,,,Going Straight Ahead,Right Front Quarter Panel,Right Side Doors,,,,N,Driver Inattention/Distraction,Following Too Closely,,
20945762,4846467,2025-09-30T00:00:00.000,6:55,73df1231-ec6d-4250-814e-7300a1dd557b,NY,Taxi,2019,East,1,M,Licensed,NY,Making Left Turn,Center Front End,No Damage,No Damage,No Damage,No Damage,N,Unspecified,Unspecified,TOYT -CAR/SUV,
20946024,4846377,2025-09-30T00:00:00.000,10:03,05e57118-b6cc-4af5-a20f-88d2d92d103e,NY,Station Wagon/Sport Utility Vehicle,2007,West,1,M,Licensed,NY,Making Right Turn,Right Side Doors,Right Side Doors,Right Side Doors,Right Side Doors,Right Side Doors,N,Unspecified,Unspecified,FORD -CAR/SUV,
20945772,4846349,2025-09-30T00:00:00.000,1:55,702093c2-b9c2-4564-a5e8-fdce31fd43a2,DE,Sedan,2018,South,1,M,Licensed,DE,Going Straight Ahead,Center Front End,Right Front Quarter Panel,Right Front Bumper,No Damage,No Damage,N,Alcohol Involvement,Driver Inattention/Distraction,HYUN -CAR/SUV,
20946718,4846772,2025-09-30T00:00:00.000,17:07,47feee40-98d5-46ca-a967-5f02925065af,NY,Bus,2021,North,0,,,,Going Straight Ahead,Left Front Bumper,Left Front Bumper,,,,N,Oversized Vehicle,Unspecified,NOVB,
20945885,4846482,2025-09-30T00:00:00.000,21:00,fa9d1493-87e9-4030-ab0a-08de1f0b15d2,,,,North,,,,,Going Straight Ahead,Right Front Bumper,Right Front Bumper,,,,N,Driver Inexperience,Following Too Closely,,
20945994,4846480,2025-09-30T00:00:00.000,19:42,ffca190d-f8a0-4c87-ac2e-f9d67a3e8b58,NF,Pick-up Truck,2022,West,0,,,,Parked,Center Back End,Right Rear Bumper,Right Rear Quarter Panel,,,N,Unspecified,Unspecified,TOYT -CAR/SUV,
20946218,4846609,2025-09-30T00:00:00.000,16:45,bb03b568-c9e7-47cd-9067-61ffd2efc531,NY,Bus,2019,East,11,M,Licensed,NY,Going Straight Ahead,Left Front Quarter Panel,Left Front Quarter Panel,,,,N,Following Too Closely,Passing or Lane Usage Improper,FRHT-TRUCK/BUS,
20945488,4846500,2025-09-30T00:00:00.000,16:36,c626cea8-5450-43c8-9980-7b927d38bacb,ZZ,Dirt Bike,,North,1,M,,,Going Straight Ahead,No Damage,No Damage,No Damage,No Damage,No Damage,N,Unsafe Speed,Unsafe Speed,,
20945629,4846427,2025-09-30T00:00:00.000,12:30,a5832c15-a986-4713-8cf7-e2fbfd5ebb5b,,,,Northeast,,,,,Making Right Turn,Center Front End,Center Front End,,,,Unspecified,Driver Inattention/Distraction,,,
20945618,4846355,2025-09-30T00:00:00.000,11:00,656f434d-d930-4300-a2e1-917e4c00a341,NY,Box Truck,2017,South,1,M,Licensed,NY,Going Straight Ahead,Center Front End,Center Front End,Center Front End,Center Front End,Center Front End,N,Driver Inattention/Distraction,Driver Inattention/Distraction,CHEV-TRUCK/BUS,
20945802,4846445,2025-09-30T00:00:00.000,21:00,44bb6552-5f90-4216-a5b1-929f848c6d79,,Bike,,Unknown,1,M,,,Going Straight Ahead,Center Front End,Center Front End,No Damage,No Damage,No Damage,N,Driver Inattention/Distraction,Driver Inattention/Distraction,,
20946861,4846857,2025-09-30T00:00:00.000,22:45,fc307870-c384-4cc4-81df-659c880e5828,NY,Station Wagon/Sport Utility Vehicle,2022,West,1,M,Licensed,NY,Changing Lanes,Right Front Quarter Panel,Right Front Quarter Panel,,,,N,Driver Inattention/Distraction,Unsafe Lane Changing,FORD -CAR/SUV,
20946580,4846517,2025-09-30T00:00:00.000,17:30,4f95e705-35ef-4c8d-a3a0-061fba0c04a8,NJ,Station Wagon/Sport Utility Vehicle,2016,West,1,,,,Going Straight Ahead,Right Front Bumper,Right Front Bumper,Center Front End,,,Unspecified,Driver Inattention/Distraction,Unspecified,KIA -CAR/SUV,
20946590,4846553,2025-09-30T00:00:00.000,20:40,f256f791-8cfb-4997-a4c4-12638c263ca9,NY,Sedan,2022,Unknown,1,M,Licensed,NY,Parked,Left Side Doors,Left Side Doors,No Damage,No Damage,No Damage,N,Unspecified,Unspecified,TESL -CAR/SUV,
20945929,4846448,2025-09-30T00:00:00.000,18:54,5792fbd2-3f39-469f-bdeb-f4f12017d02b,NY,Sedan,2010,West,2,F,Licensed,NY,Going Straight Ahead,Right Front Bumper,Right Front Bumper,,,,N,Driver Inattention/Distraction,Driver Inattention/Distraction,TOYT -CAR/SUV,
20946952,4846992,2025-09-30T00:00:00.000,1:20,55720d7e-dddc-46bb-babb-6f2db12ee483,NJ,Sedan,2009,West,0,M,Licensed,NY,Parked,Center Back End,Center Back End,Right Rear Bumper,Left Rear Bumper,No Damage,N,Unspecified,Unspecified,NISS -CAR/SUV,
20946799,4846814,2025-09-30T00:00:00.000,6:22,06480c25-f52e-40b0-a02e-b753dfe629ef,NY,Station Wagon/Sport Utility Vehicle,2010,East,1,F,Licensed,NY,Going Straight Ahead,Right Side Doors,Right Rear Quarter Panel,Right Rear Bumper,,,N,Unspecified,Unspecified,LEXS -CAR/SUV,
20946020,4846373,2025-09-30T00:00:00.000,7:00,6c3769e7-8364-4d3f-8139-f82017e5bdcb,NY,Station Wagon/Sport Utility Vehicle,2025,South,1,M,Licensed,NY,Parked,Left Front Bumper,Left Front Bumper,,,,N,Unspecified,Unspecified,Range Rover,
20946879,4846797,2025-09-30T00:00:00.000,17:56,bbee5b9a-98b2-47ae-8d37-a2e60ee1b035,NY,Van,2016,East,1,M,Licensed,NY,Going Straight Ahead,Right Front Bumper,No Damage,No Damage,No Damage,No Damage,N,Unspecified,Unspecified,,
20945820,4846290,2025-09-30T00:00:00.000,10:10,e767b836-6aed-47af-92c5-0388265a1121,,,,Southwest,1,,,,Making Right Turn,Right Side Doors,No Damage,No Damage,No Damage,No Damage,N,Driver Inattention/Distraction,Unsafe Lane Changing,,
20945544,4846401,2025-09-30T00:00:00.000,9:03,dd9d1ef8-1987-49ac-adb2-915f1b4dc645,,Bike,,West,1,M,Unlicensed,ZZZ,Going Straight Ahead,Center Front End,No Damage,No Damage,No Damage,No Damage,N,Unsafe Speed,Unsafe Lane Changing,,
20946023,4846374,2025-09-30T00:00:00.000,9:05,81de35db-a085-4161-86d6-5b5811d2ee0a,NY,Station Wagon/Sport Utility Vehicle,1999,South,0,M,Licensed,NY,Going Straight Ahead,Left Front Bumper,Left Front Bumper,,,,N,Unspecified,Unspecified,TOYT -CAR/SUV,
20945970,4846303,2025-09-30T00:00:00.000,8:38,8ac5e86c-fccd-45ec-9597-881e1a235fa1,NY,Sedan,2007,North,1,,,,Merging,Center Front End,Center Front End,,,,N,Passing or Lane Usage Improper,Driver Inattention/Distraction,FORD -CAR/SUV,
20947095,4846907,2025-09-30T00:00:00.000,22:50,3c72b620-1589-4acf-927c-ba55730aa5b0,,E-Bike,,West,1,M,Licensed,NY,Going Straight Ahead,Center Front End,Center Front End,,,,Unspecified,Driver Inattention/Distraction,Unspecified,,
20946544,4846512,2025-09-30T00:00:00.000,15:25,1d96f898-2a14-45d8-adcd-20d882ab36cc,NY,Bus,2016,North,8,M,Licensed,NY,Going Straight Ahead,Right Front Quarter Panel,Right Front Quarter Panel,,,,N,Reaction to Uninvolved Vehicle,Unspecified,IC,
20945857,4846441,2025-09-30T00:00:00.000,15:30,f1cc91da-c1b1-4c31-888f-b21b0f09a520,NY,Sedan,2024,East,1,M,Licensed,NY,Going Straight Ahead,Center Front End,Center Front End,,,,N,Unspecified,Unspecified,TESL -CAR/SUV,
20946362,4846724,2025-09-30T00:00:00.000,6:00,8fbbc655-19be-42c3-9c39-d229a8d35636,,,,,,,,,,,,,,,Unspecified,,,,
20945610,4846335,2025-09-30T00:00:00.000,12:10,7b89a914-d7e2-4041-aca6-481aeda66691,PA,Box Truck,,North,1,M,,,Going Straight Ahead,Left Front Quarter Panel,Left Front Quarter Panel,No Damage,No Damage,No Damage,N,Driver Inattention/Distraction,Driver Inexperience,ALL,
20947094,4846907,2025-09-30T00:00:00.000,22:50,348ae870-df13-4952-b9a4-25d15d67bc15,NY,Sedan,2017,North,1,M,Licensed,NY,Going Straight Ahead,Right Front Bumper,Right Front Bumper,,,,N,Failure to Yield Right-of-Way,Driver Inattention/Distraction,TOYT -CAR/SUV,
20946171,4846549,2025-09-30T00:00:00.000,15:32,81907fd3-c07d-4f99-bba8-59d398db1a33,NY,Sedan,2017,West,1,F,Licensed,NY,Parked,Center Front End,Center Front End,No Damage,No Damage,No Damage,N,Following Too Closely,Following Too Closely,TOYT -CAR/SUV,
20945643,4846492,2025-09-30T00:00:00.000,12:11,f11b0290-da63-401f-985b-bc346b9fdc65,NJ,Station Wagon/Sport Utility Vehicle,2020,South,0,,,,Parked,Left Side Doors,Left Front Quarter Panel,No Damage,No Damage,No Damage,N,Unspecified,Unspecified,NISS -CAR/SUV,
20945685,4846466,2025-09-30T00:00:00.000,16:30,eaa5c552-7cbe-4e62-9833-50691ec883f0,NY,Bike,,East,1,M,Licensed,NY,Going Straight Ahead,No Damage,No Damage,No Damage,No Damage,No Damage,N,Obstruction/Debris,Pedestrian/Bicyclist/Other Pedestrian Error/Confusion,,
20946531,4846513,2025-09-30T00:00:00.000,3:15,fd1f574f-efc2-4ada-8704-1b2c42b30c7c,NJ,Sedan,2024,West,5,M,Licensed,NY,Going Straight Ahead,Left Front Quarter Panel,Left Front Quarter Panel,Left Side Doors,No Damage,No Damage,N,Unspecified,Unspecified,HOND -CAR/SUV,
20945850,4846256,2025-09-30T00:00:00.000,6:30,578a03c9-3309-46ff-b3ef-bcf3ef5eb52b,NY,Station Wagon/Sport Utility Vehicle,2015,South,1,M,Licensed,NY,Making Left Turn,Left Front Bumper,Left Front Bumper,Center Front End,Right Front Bumper,Other,Unspecified,Unspecified,Unspecified,,
20946289,4846529,2025-09-30T00:00:00.000,21:20,4e913702-d281-4933-b534-eaf8ce1a8bc9,NY,Station Wagon/Sport Utility Vehicle,2013,South,1,M,Licensed,NY,Merging,Right Front Quarter Panel,Right Front Quarter Panel,No Damage,No Damage,No Damage,N,Unsafe Lane Changing,Reaction to Uninvolved Vehicle,HOND -CAR/SUV,
20946522,4846623,2025-09-30T00:00:00.000,8:38,4e484e97-f1ff-4ace-b3e6-2e10aa40248e,,,,,,,,,,,,,,,Unspecified,,,,
20945788,4846364,2025-09-30T00:00:00.000,11:40,e04f9c60-2edc-4ae3-b2a6-4a9a977fba38,NY,Station Wagon/Sport Utility Vehicle,2018,East,1,F,Licensed,NY,Starting from Parking,Left Front Bumper,Left Front Quarter Panel,Left Front Bumper,Left Front Quarter Panel,Left Front Quarter Panel,N,Driver Inattention/Distraction,Driver Inattention/Distraction,LEXS -CAR/SUV,
20946159,4846600,2025-09-30T00:00:00.000,13:40,d618fa45-4915-4570-912e-6a9acbe2350d,NY,Station Wagon/Sport Utility Vehicle,2018,North,1,M,,,Parked,Left Side Doors,Left Side Doors,No Damage,No Damage,No Damage,N,Unspecified,Unspecified,HOND -CAR/SUV,
20945470,4846434,2025-09-30T00:00:00.000,17:17,21dadcf8-893e-4d47-a5a0-0254427b53f3,NY,Sedan,2016,West,0,M,Licensed,NY,Slowing or Stopping,Center Back End,Center Back End,Center Back End,Center Back End,Center Back End,N,Other Vehicular,Other Vehicular,HOND -CAR/SUV,
20945614,4846351,2025-09-30T00:00:00.000,2:00,c012dea0-3294-4f40-b3e6-f280545c4f2f,NJ,Sedan,2013,North,1,M,Licensed,NJ,Going Straight Ahead,Left Front Bumper,Left Front Bumper,Left Front Quarter Panel,Left Front Bumper,Left Front Bumper,N,Unspecified,Unspecified,VOLK -CAR/SUV,
20946364,4846723,2025-09-30T00:00:00.000,21:50,09dd5476-5c0f-4bc0-b6f3-0af9d4cf595b,NY,Station Wagon/Sport Utility Vehicle,2025,South,2,M,Licensed,NY,Going Straight Ahead,Right Front Bumper,Right Front Bumper,Left Side Doors,No Damage,No Damage,N,Fell Asleep,Unspecified,CHEV -CAR/SUV,
20945956,4846501,2025-09-30T00:00:00.000,8:00,3c7135bb-4540-4cdb-b95f-f18882d30745,,,,,,,,,,,,,,,Unspecified,,,,
20946953,4846995,2025-09-30T00:00:00.000,0:00,17a5419c-7b41-4558-9deb-19069b5d65b2,NY,Station Wagon/Sport Utility Vehicle,2024,South,0,M,Licensed,NY,Stopped in Traffic,Center Back End,Center Back End,Right Rear Bumper,Left Rear Bumper,,N,Unspecified,Unspecified,HOND -CAR/SUV,
20945615,4846351,2025-09-30T00:00:00.000,2:00,094d54c9-f413-4d4b-a566-fe22dd80e754,,,,,,,,,,,,,,,Unspecified,,,,
20946407,4846594,2025-09-30T00:00:00.000,22:45,ab4864a3-337a-4c8c-907b-23db372cbeba,,,,,,,,,,,,,,,Unspecified,,,,
20945697,4846312,2025-09-30T00:00:00.000,10:48,883328fa-86ed-4321-bf42-0ada300ec3fc,NY,Bus,2015,South,1,M,Licensed,NY,Going Straight Ahead,Left Front Bumper,Left Front Bumper,Left Front Quarter Panel,No Damage,No Damage,Unspecified,Unspecified,Unspecified,NE/FL,
20946264,4846541,2025-09-30T00:00:00.000,9:30,98e029d4-d617-498f-b4f2-c6ff89d5f248,NY,Sedan,2022,Unknown,0,,,,Parked,Left Front Bumper,Left Front Bumper,,,,N,Unspecified,Unspecified,NISS -CAR/SUV,
20946315,4846538,2025-09-30T00:00:00.000,17:00,24cb39d0-90bc-42dd-b6e6-93d7ac37bbb5,NY,Station Wagon/Sport Utility Vehicle,2022,West,1,M,Licensed,NY,Going Straight Ahead,Left Side Doors,Left Side Doors,No Damage,No Damage,No Damage,N,Unspecified,Unspecified,CADI -CAR/SUV,
20945797,4846447,2025-09-30T00:00:00.000,16:00,7d76d162-4050-4b3c-abb0-fb17cc9dbf0d,NY,Station Wagon/Sport Utility Vehicle,2025,West,1,F,Licensed,NY,Stopped in Traffic,Center Back End,Center Back End,Center Back End,Center Back End,Center Back End,N,Unspecified,Unspecified,HOND -CAR/SUV,
20946157,4846600,2025-09-30T00:00:00.000,13:40,dd25025b-ff85-4eb7-aa7d-2d0c89029b84,NY,Van,2021,North,1,M,Licensed,NY,Going Straight Ahead,Right Front Bumper,Right Front Bumper,Right Front Quarter Panel,Right Front Quarter Panel,No Damage,N,Reaction to Uninvolved Vehicle,Unspecified,RAM,
20946543,4846512,2025-09-30T00:00:00.000,15:25,3c2512b7-26fb-4128-b3f9-0a40c2e36936,GA,Sedan,2015,North,0,,,,Parked,Left Rear Quarter Panel,Left Rear Quarter Panel,,,,N,Unspecified,Unspecified,INFI -CAR/SUV,
20946878,4846797,2025-09-30T00:00:00.000,17:56,c2d451c4-be83-47e5-b033-4988bcc3c244,,,,East,,,,,Going Straight Ahead,Center Front End,,,,,Unspecified,Failure to Yield Right-of-Way,,,
20946035,4846412,2025-09-30T00:00:00.000,20:17,05c6d8ff-2f21-408a-b3e7-fb6b3cbf9aa8,NJ,Station Wagon/Sport Utility Vehicle,2015,South,1,M,Licensed,NH,Going Straight Ahead,Other,Other,,,,N,Unspecified,Unspecified,BMW -CAR/SUV,
20945972,4846410,2025-09-30T00:00:00.000,14:00,4977d49e-4016-423f-9c64-1b4b82385f38,NY,Station Wagon/Sport Utility Vehicle,2023,West,2,M,Licensed,NY,Going Straight Ahead,Left Front Bumper,Left Front Bumper,Left Front Quarter Panel,No Damage,No Damage,N,Unspecified,Unspecified,FORD -CAR/SUV,
20945968,4846302,2025-09-30T00:00:00.000,8:30,d8cb107d-ff34-454e-bee9-4a6c2d682093,NY,Sedan,2004,North,1,M,Licensed,NY,Making Left Turn,Right Front Bumper,Right Front Bumper,,,,N,Unspecified,Unspecified,TOYT -CAR/SUV,
20945926,4846403,2025-09-30T00:00:00.000,14:50,a090d38d-d267-4150-9aed-1a65d7f3cb86,NY,Sedan,2019,West,1,F,Licensed,NY,Going Straight Ahead,Right Front Bumper,Right Front Bumper,Center Front End,Right Front Quarter Panel,No Damage,N,Unspecified,Unspecified,HYUN -CAR/SUV,
20946512,4846712,2025-09-30T00:00:00.000,14:02,ce28ccfe-bc43-4663-ac2e-874df6f80659,NJ,Station Wagon/Sport Utility Vehicle,,East,1,,,,Going Straight Ahead,Center Front End,,,,,N,Following Too Closely,Following Too Closely,NISS -CAR/SUV,
20945720,4846489,2025-09-30T00:00:00.000,14:32,c2300cf2-5376-4916-8c18-107d23ef6cde,NJ,Station Wagon/Sport Utility Vehicle,2026,North,2,M,Licensed,NY,Merging,Right Front Quarter Panel,Right Front Quarter Panel,No Damage,No Damage,No Damage,N,Unsafe Lane Changing,Unspecified,GMC -CAR/SUV,
20946647,4846850,2025-09-30T00:00:00.000,11:45,70ca1801-2173-4230-8552-79cba52b6d13,NY,Sedan,2018,West,1,M,Licensed,NY,Parked,Right Side Doors,Right Rear Bumper,No Damage,No Damage,,N,Unspecified,Unspecified,FORD -CAR/SUV,
20945360,4846209,2025-09-30T00:00:00.000,2:05,0090d045-72ee-41fe-bdf1-8c279c0278ea,NY,Station Wagon/Sport Utility Vehicle,2022,North,1,M,Licensed,NY,Parked,Center Back End,Center Back End,Center Back End,Center Back End,Center Back End,N,Unspecified,Unspecified,CHEV -CAR/SUV,
20946432,4846438,2025-09-30T00:00:00.000,17:58,787d33f4-ecee-4a57-8ab9-8fe004843a85,NY,Station Wagon/Sport Utility Vehicle,2013,North,0,M,Licensed,NY,Parked,Left Front Bumper,Center Front End,,,,N,Unspecified,Unspecified,HYUN -CAR/SUV,
20946653,4846783,2025-09-30T00:00:00.000,20:29,0f970621-9e4a-4d3a-8cd6-49036a2543b4,NY,Moped,2023,North,1,M,,,Going Straight Ahead,Center Front End,Center Front End,Center Front End,Center Front End,Center Front End,N,Unspecified,Unspecified,JIAJU,
20946028,4846382,2025-09-30T00:00:00.000,13:02,bc214382-b449-4e8a-9b73-1c1c5b291ea9,NY,Motorcycle,2016,West,1,M,Licensed,NY,Going Straight Ahead,Center Front End,Center Front End,Center Back End,Center Front End,Center Back End,N,Unspecified,Unspecified,YAMA -MCL,
20946163,4846707,2025-09-30T00:00:00.000,14:36,127c7f99-2115-4bfc-a6e8-2f252275e00e,VA,Sedan,2019,North,1,,,,Passing,Right Front Bumper,Other,Other,Other,Other,Unspecified,Passing or Lane Usage Improper,Unspecified,BMW -CAR/SUV,
20945811,4846360,2025-09-30T00:00:00.000,0:40,0b8a83b8-1a42-471b-862a-071488f6ee41,NY,Sedan,2016,North,1,M,Licensed,NY,Going Straight Ahead,Center Front End,Center Front End,Left Front Bumper,Right Front Bumper,,N,Illnes,Unspecified,TOYT -CAR/SUV,
20946255,4846557,2025-09-30T00:00:00.000,9:30,6cf657d5-f38d-4d59-a95b-611147b72345,NJ,Sedan,2020,North,1,,,,Making Right Turn,Right Front Quarter Panel,Right Front Quarter Panel,,,,N,Driver Inattention/Distraction,Following Too Closely,TOYT -CAR/SUV,
20946090,4846691,2025-09-30T00:00:00.000,17:33,4080af68-1052-4aa0-915d-3d124990b8ff,NY,Sedan,,East,1,M,,,Going Straight Ahead,Left Rear Bumper,Left Rear Bumper,Left Rear Bumper,Left Rear Bumper,Left Rear Bumper,N,Driver Inattention/Distraction,Driver Inattention/Distraction,LEXS -CAR/SUV,
20945713,4846443,2025-09-30T00:00:00.000,14:35,19439fb0-0032-4739-9413-e2928df15b76,NY,Bus,2025,East,1,M,Licensed,NY,Parked,Left Rear Bumper,Left Rear Quarter Panel,,,,N,Oversized Vehicle,Unspecified,FORD-TRUCK/BUS,
20945798,4846447,2025-09-30T00:00:00.000,16:00,3c8964ef-63ea-4642-9d1c-4f80d0b96bc1,,,,,,,,,,,,,,,Unspecified,,,,
20946288,4846529,2025-09-30T00:00:00.000,21:20,94bd69d8-142f-47d3-8c43-6439ac9ae5a0,NY,Sedan,2015,South,1,M,Licensed,NY,Going Straight Ahead,Left Rear Quarter Panel,Left Rear Quarter Panel,Left Side Doors,No Damage,No Damage,N,Unspecified,Unspecified,CHEV -CAR/SUV,
20946585,4846735,2025-09-30T00:00:00.000,21:32,43ee620b-77df-4632-b26a-aad23e39e709,NY,Station Wagon/Sport Utility Vehicle,2019,North,0,F,Licensed,NY,Parked,Left Side Doors,Left Side Doors,Left Rear Quarter Panel,Left Front Quarter Panel,,N,Unspecified,Unspecified,SUBA -CAR/SUV,
20945789,4846364,2025-09-30T00:00:00.000,11:40,d851147d-a5e7-4fea-b4c0-b8f34b3361a0,NY,Box Truck,2023,East,1,M,Licensed,NY,Making Right Turn,Right Rear Quarter Panel,Right Rear Quarter Panel,Right Rear Quarter Panel,Right Rear Bumper,Right Rear Bumper,Unspecified,Unspecified,Unspecified,FORD-TRUCK/BUS,
20945644,4846492,2025-09-30T00:00:00.000,12:11,9dba818a-4bc4-4d58-8614-e5fa99c693f5,,,,,,,,,Going Straight Ahead,,,,,,Unspecified,Passing Too Closely,,,
20946860,4846857,2025-09-30T00:00:00.000,22:45,1c0d1f56-e853-432b-83e7-0517762f32ba,NY,Sedan,2023,West,1,M,Licensed,NY,Going Straight Ahead,Left Side Doors,Left Side Doors,,,,N,Unspecified,Unspecified,TESL -CAR/SUV,
20946381,4846570,2025-09-30T00:00:00.000,17:10,68e7bf25-066e-4ff0-8258-881d903ebf51,NY,Box Truck,2017,East,1,M,Licensed,NY,Starting in Traffic,Right Rear Bumper,Right Rear Bumper,Right Rear Bumper,Right Rear Bumper,,N,Unspecified,Unspecified,FORD-TRUCK/BUS,
20945971,4846303,2025-09-30T00:00:00.000,8:38,a1b71cd5-34b5-483b-b9ba-517f5d6a7bec,NY,Sedan,2023,South,1,M,Licensed,NY,Going Straight Ahead,Center Front End,Center Front End,,,,N,Unspecified,Unspecified,TESL -CAR/SUV,
20945549,4846263,2025-09-30T00:00:00.000,8:36,11fba743-2b02-4523-a5a2-c7b3b8d26074,NY,Tractor Truck Diesel,2005,Unknown,1,M,,NY,Merging,Left Rear Bumper,No Damage,No Damage,No Damage,No Damage,N,Failure to Yield Right-of-Way,Unspecified,HINO -TRUCK/BUS,
20946654,4846783,2025-09-30T00:00:00.000,20:29,3afa3cd7-901f-47d1-83f9-d1254f42ad26,,Moped,,East,1,F,Unlicensed,,Going Straight Ahead,Center Front End,Right Front Bumper,Right Front Quarter Panel,Right Front Quarter Panel,Right Side Doors,Unspecified,Unspecified,Unspecified,,
20945684,4846466,2025-09-30T00:00:00.000,16:30,86b49ee7-0ada-4297-aab3-f10515ec9700,NY,Station Wagon/Sport Utility Vehicle,2025,East,1,F,Licensed,NY,Parked,Left Front Quarter Panel,Left Front Quarter Panel,Left Front Quarter Panel,Left Front Quarter Panel,Left Front Quarter Panel,N,Unspecified,Unspecified,ACUR -CAR/SUV,
20946494,4846602,2025-09-30T00:00:00.000,22:30,94f77873-f830-4228-908c-0b4d01a6f286,ZZ,Station Wagon/Sport Utility Vehicle,,West,1,,,,Going Straight Ahead,Right Front Bumper,No Damage,No Damage,No Damage,No Damage,N,Unsafe Speed,Driver Inattention/Distraction,UNKNOWN,
20946753,4846878,2025-09-30T00:00:00.000,19:08,4780a92f-8a06-44ed-9b8a-fd8703901d3b,,,,East,,,,,Merging,Left Front Quarter Panel,Left Front Quarter Panel,No Damage,No Damage,No Damage,Unspecified,Driver Inattention/Distraction,Passing or Lane Usage Improper,,
20945630,4846424,2025-09-30T00:00:00.000,13:48,76214a78-fa44-4a86-8ffc-b12be7d8f750,NY,Pick-up Truck,2016,West,1,M,Licensed,NY,Going Straight Ahead,Right Front Quarter Panel,Right Front Quarter Panel,Right Side Doors,,,N,Driver Inattention/Distraction,Passing Too Closely,RAM,
20945966,4846245,2025-09-30T00:00:00.000,7:05,775b12c0-c99c-43b1-bbe1-daaad41b6641,NY,Sedan,2015,South,1,M,Licensed,NY,Going Straight Ahead,Left Front Bumper,Left Front Quarter Panel,Left Side Doors,,,N,Unspecified,Unspecified,FORD -CAR/SUV,
20946717,4846772,2025-09-30T00:00:00.000,17:07,77b162da-b13f-4641-aa18-9dec257990f3,NY,Station Wagon/Sport Utility Vehicle,2024,South,3,M,Licensed,NY,Other*,Left Rear Quarter Panel,Left Rear Quarter Panel,,,,N,Passing or Lane Usage Improper,Unspecified,HOND -CAR/SUV,
20946533,4846674,2025-09-30T00:00:00.000,19:50,d2f7c52b-019b-43fa-8471-2416ba294752,NY,Taxi,2025,East,1,M,Licensed,NY,Going Straight Ahead,Right Front Bumper,Right Front Bumper,Right Front Bumper,Right Front Bumper,Right Front Bumper,N,Driver Inattention/Distraction,Driver Inattention/Distraction,TOYT -CAR/SUV,
20945486,4846299,2025-09-30T00:00:00.000,0:00,90af0556-ba11-4732-8f2a-f9a2e95c4d6a,NJ,Motorcycle,2002,East,1,M,Licensed,NJ,Merging,Right Side Doors,Right Front Quarter Panel,,,,N,Unsafe Lane Changing,Unspecified,YAMA -MCL,
20945821,4846485,2025-09-30T00:00:00.000,9:07,c2ceb69f-9944-41fe-b5df-e9cbcb2b5292,MD,Sedan,2015,East,1,F,Licensed,MD,Going Straight Ahead,Left Front Bumper,Left Front Quarter Panel,,,,N,Other Vehicular,Unspecified,BMW -CAR/SUV,
20945645,4846496,2025-09-30T00:00:00.000,13:13,8b6b2b5b-c339-42e7-9f81-fe38e3b67068,NY,Sedan,2017,West,1,M,Licensed,NY,Going Straight Ahead,Left Front Quarter Panel,Left Front Quarter Panel,Other,No Damage,No Damage,N,Unsafe Speed,Unspecified,MAZD -CAR/SUV,
20945774,4846497,2025-09-30T00:00:00.000,20:16,3b83c04d-916b-4fc5-8e15-5ec20ff655b8,NY,Sedan,2017,North,1,F,,NY,Going Straight Ahead,Center Back End,Center Back End,Center Back End,Center Back End,Center Back End,N,Unspecified,Unspecified,TOYT -CAR/SUV,
20946234,4846533,2025-09-30T00:00:00.000,13:05,3d88fc80-4a9c-4e0f-a3ba-67ee0078e44d,NY,Station Wagon/Sport Utility Vehicle,2022,East,1,M,Licensed,MA,Parked,Left Front Bumper,Left Front Bumper,No Damage,No Damage,No Damage,N,Unspecified,Unspecified,VOLV -CAR/SUV,
20945884,4846482,2025-09-30T00:00:00.000,21:00,355e781c-5864-421d-a663-a6a4a2b5ac9d,NY,Sedan,2019,North,0,,,,Parked,Left Front Quarter Panel,Left Front Bumper,Right Front Bumper,Right Front Quarter Panel,Center Front End,N,Unspecified,Unspecified,SUBA -CAR/SUV,
20946200,4846563,2025-09-30T00:00:00.000,23:10,49622587-1573-465d-a1f8-f02259c51c20,,Bike,,North,1,M,,,Going Straight Ahead,No Damage,No Damage,No Damage,No Damage,No Damage,N,Failure to Yield Right-of-Way,Unspecified,,
20945931,4846454,2025-09-30T00:00:00.000,16:35,8402546f-075d-4b95-8817-05082030d25a,NY,Bus,2011,East,11,M,Licensed,NY,Merging,Right Front Quarter Panel,Right Front Quarter Panel,No Damage,No Damage,No Damage,N,Passing or Lane Usage Improper,Unspecified,FRHT-TRUCK/BUS,
20946881,4846797,2025-09-30T00:00:00.000,17:56,b117a112-9912-49b6-bdc5-7ce36da50b9f,,,,,,,,,,,,,,,Unspecified,,,,CANINE
20945605,4846317,2025-09-30T00:00:00.000,12:05,343747e8-cd00-4ad1-acd8-8a5aaa62a3cd,NY,Station Wagon/Sport Utility Vehicle,2025,East,1,M,Licensed,NY,Stopped in Traffic,Center Back End,Center Back End,,,,N,Unspecified,Unspecified,HOND -CAR/SUV,
20946542,4846583,2025-09-30T00:00:00.000,11:35,ae8daa5e-df5a-4119-953a-44b3a376bea7,,Sedan,,,1,,,,,,,,,,N,,,NISS -CAR/SUV,
20945733,4846295,2025-09-30T00:00:00.000,8:55,13a34368-78a4-45c5-8b4e-9c24a9dea3c4,NY,Station Wagon/Sport Utility Vehicle,2007,South,1,M,Licensed,NY,Slowing or Stopping,Left Rear Bumper,Left Rear Bumper,Center Back End,,,N,Unspecified,Unspecified,HOND -CAR/SUV,
20945800,4846446,2025-09-30T00:00:00.000,18:23,44a2a603-e612-4cdd-a599-a40ee03f9d8a,,Standing S,,Southwest,1,F,Licensed,NY,Passing,No Damage,No Damage,No Damage,No Damage,No Damage,N,Unspecified,Unspecified,,
20946844,4846942,2025-09-30T00:00:00.000,10:20,e89024fc-ea5a-40a8-b600-fbb62747fefd,,,,,,,,,,,,,,,Unspecified,,,,DOT UTILITY POLE
20945815,4846361,2025-09-30T00:00:00.000,8:15,e05e3751-9140-42c5-aeb2-bd01b80c4af0,NY,Cement tru,2015,North,1,M,Licensed,NY,Going Straight Ahead,Right Side Doors,No Damage,No Damage,No Damage,No Damage,N,Unspecified,Unspecified,Peter cmix,
20946400,4846742,2025-09-30T00:00:00.000,16:30,e235ebf8-0831-4189-aa10-df8384053af9,FL,Station Wagon/Sport Utility Vehicle,2012,South,0,,,,Parked,Right Front Bumper,Center Front End,Left Front Bumper,Right Front Bumper,Right Front Quarter Panel,N,Unspecified,Unspecified,JEEP -CAR/SUV,
20946031,4846413,2025-09-30T00:00:00.000,13:44,cd026165-a7e8-4717-b4fd-8cc066bf640e,NY,Sedan,2019,Unknown,0,,,,Parked,Left Front Quarter Panel,Left Front Quarter Panel,,,,N,Unspecified,Unspecified,BMW -CAR/SUV,
20946464,4846574,2025-09-30T00:00:00.000,9:40,3d7a1276-d90e-48db-94a6-1fabb0e20349,NY,,,South,1,,,,,Left Front Bumper,Left Front Bumper,,,,N,Passing Too Closely,,TOYT -CAR/SUV,
20946646,4846766,2025-09-30T00:00:00.000,7:26,87abb1d7-dc5e-4709-af6d-964ec344cb2b,,Bike,,South,1,F,,,Going Straight Ahead,Right Front Bumper,No Damage,No Damage,No Damage,No Damage,N,Unsafe Speed,Unspecified,,
20945928,4846448,2025-09-30T00:00:00.000,18:54,ee08cd9e-0428-4e1b-956b-9971e0fbbeb0,NY,Sedan,2025,East,1,F,Licensed,NY,Starting from Parking,Left Side Doors,Left Front Quarter Panel,,,,N,Unspecified,Unspecified,TESL -CAR/SUV,
20946470,4846670,2025-09-30T00:00:00.000,15:00,2ac9fe14-0836-4a9a-b6ab-fb43fbd5ed37,,Standing S,,North,1,M,,,Going Straight Ahead,Right Side Doors,Right Side Doors,No Damage,No Damage,No Damage,N,Driver Inattention/Distraction,Traffic Control Disregarded,IENYRID,
20947016,4846841,2025-09-30T00:00:00.000,6:30,3062777a-b87f-44ef-864a-db87f9d49b94,NY,Sedan,2020,North,1,,,,Going Straight Ahead,Left Front Bumper,Left Front Bumper,Left Front Quarter Panel,Left Side Doors,Left Rear Quarter Panel,N,Unsafe Speed,Passing or Lane Usage Improper,JEEP -CAR/SUV,
20946087,4846689,2025-09-30T00:00:00.000,13:30,241d6ca9-da9b-4fbc-b51f-c13075fe2cbb,TN,Tractor Truck Diesel,2022,Northeast,1,M,Licensed,NY,Making U Turn,No Damage,No Damage,No Damage,No Damage,No Damage,N,Turning Improperly,Unspecified,FRHT-TRUCK/BUS,
20946235,4846533,2025-09-30T00:00:00.000,13:05,fa207667-fb90-4c74-9f27-17133078e46d,ZZ,Box Truck,,East,1,M,Licensed,NY,Going Straight Ahead,Right Front Bumper,No Damage,Other,No Damage,No Damage,N,Driver Inattention/Distraction,Unspecified,,
20946411,4846676,2025-09-30T00:00:00.000,13:00,12e79432-2b1c-4dd5-a40e-7cc8f570c1d8,NY,Station Wagon/Sport Utility Vehicle,2013,East,2,M,Licensed,NY,Going Straight Ahead,Right Front Bumper,Right Front Bumper,Right Front Quarter Panel,,,N,Unspecified,Unspecified,CHEV -CAR/SUV,
20946256,4846557,2025-09-30T00:00:00.000,9:30,ed9ed98f-a1bb-455b-86bd-1408fe59fe2f,,Standing S,,West,1,F,,,Going Straight Ahead,Left Front Quarter Panel,Left Front Quarter Panel,,,,N,Outside Car Distraction,Passing Too Closely,,
20945742,4846257,2025-09-30T00:00:00.000,7:55,4a8a107f-7d30-401b-94af-f05c2ff0930b,NY,Station Wagon/Sport Utility Vehicle,2017,East,1,F,Licensed,NY,Entering Parked Position,Left Side Doors,Left Side Doors,Left Front Quarter Panel,,,N,Other Vehicular,Unspecified,LEXS -CAR/SUV,
20945734,4846295,2025-09-30T00:00:00.000,8:55,56284f3c-0308-4a7f-960a-4b0d44d01250,NY,Dump,2003,South,1,M,Licensed,NY,Slowing or Stopping,Right Front Bumper,Right Front Bumper,,,,N,Following Too Closely,Unspecified,MACK-TRUCK/BUS,
20946355,4846710,2025-09-30T00:00:00.000,0:00,753db235-f4ff-4b92-9f4d-b86166943361,CT,,,South,1,,,,Going Straight Ahead,Center Front End,Center Front End,Center Front End,Center Front End,Center Front End,Unspecified,Following Too Closely,Unspecified,,
20946202,4846733,2025-09-30T00:00:00.000,12:24,54eb4f73-56b6-4525-9712-4451114a6e36,NY,Sedan,2018,North,2,M,Licensed,NY,Going Straight Ahead,Right Front Quarter Panel,Right Side Doors,Right Rear Quarter Panel,,,N,Unspecified,Unspecified,MAZD -CAR/SUV,
20946089,4846690,2025-09-30T00:00:00.000,16:40,d868f6ae-f65f-4a89-bff3-3d192baa179e,NY,,,,,,,,,,,,,,N,Driver Inattention/Distraction,Driver Inattention/Distraction,NISS -CAR/SUV,
20946410,4846676,2025-09-30T00:00:00.000,13:00,43dac24c-36d4-400e-9e7f-214ebd107ae4,NY,Station Wagon/Sport Utility Vehicle,2006,North,1,M,Licensed,NY,Backing,Left Rear Bumper,Center Back End,,,,N,Unspecified,Unspecified,FORD -CAR/SUV,
20946591,4846553,2025-09-30T00:00:00.000,20:40,55e4a1a1-d4c0-4808-ab3a-edc6051cb810,,,,North,,,,,Going Straight Ahead,Other,Other,Other,Other,Other,Unspecified,Unspecified,Unspecified,,
20946247,4846750,2025-09-30T00:00:00.000,23:24,fdbcd92b-d2a6-49bf-afa3-cf95e0524bd2,NY,Station Wagon/Sport Utility Vehicle,2023,South,1,M,Licensed,NY,Parked,Left Front Bumper,Left Front Bumper,Left Front Quarter Panel,Left Side Doors,,N,Unspecified,Unspecified,MITS -CAR/SUV,
20945799,4846446,2025-09-30T00:00:00.000,18:23,1eba9a44-fabe-47b1-82a2-84404bc09abb,NY,Sedan,2024,South,3,F,Licensed,NY,Making Left Turn,Left Front Quarter Panel,Left Front Quarter Panel,,,,N,Unspecified,Unspecified,JEEP -CAR/SUV,
20946158,4846600,2025-09-30T00:00:00.000,13:40,efd9d1da-0a10-4ea6-867a-ae75baa093ec,NY,Station Wagon/Sport Utility Vehicle,2023,North,1,M,Licensed,NY,Parked,Left Rear Bumper,Left Rear Bumper,Center Back End,No Damage,No Damage,N,Unspecified,Unspecified,LNDR -CAR/SUV,
20945699,4846327,2025-09-30T00:00:00.000,12:50,aead1e04-3a92-40b1-ac75-354bbca14196,NY,Taxi,2020,North,2,M,Licensed,NY,Going Straight Ahead,Center Back End,Center Back End,,,,N,Unspecified,Unspecified,,
20945969,4846302,2025-09-30T00:00:00.000,8:30,ab695c24-cda4-421e-8034-0e7a310d1a82,NY,Sedan,2019,West,1,M,Licensed,NY,Going Straight Ahead,Center Front End,Center Front End,,,,N,Unspecified,Unspecified,HOND -CAR/SUV,
20945552,4846357,2025-09-30T00:00:00.000,13:00,414b3f91-4f77-4efa-87da-134d47a10a0e,ON,Tractor Truck Diesel,2020,North,1,M,Licensed,ON,Stopped in Traffic,Center Front End,Center Front End,,,,N,Unspecified,Unspecified,VOLV -TRUCK/BUS,
20946332,4846694,2025-09-30T00:00:00.000,15:59,aef1c66b-2564-4572-bbb0-85d2080534e2,NY,Sedan,,South,1,,,,Going Straight Ahead,No Damage,No Damage,No Damage,No Damage,No Damage,N,Passing Too Closely,Passing Too Closely,BMW -CAR/SUV,
20946511,4846712,2025-09-30T00:00:00.000,14:02,ee49d688-0282-46d4-aea9-f035a660bcec,NY,Station Wagon/Sport Utility Vehicle,2012,East,1,M,Licensed,NY,Going Straight Ahead,Center Back End,Center Back End,,,,N,Unspecified,Unspecified,CHRY -CAR/SUV,
20946032,4846383,2025-09-30T00:00:00.000,16:00,9aa87b8e-5bbc-4549-bdaf-d7d6ed430039,NJ,Sedan,2016,South,2,M,Licensed,NY,Making Right Turn,Center Front End,Center Front End,No Damage,No Damage,No Damage,N,Failure to Yield Right-of-Way,Unspecified,NISS -CAR/SUV,
20946877,4846800,2025-09-30T00:00:00.000,10:50,363a68ee-1125-4ff6-b340-9f3a5b4ce2af,,Sedan,,East,1,,,,Making Right Turn,,,,,,N,Passing or Lane Usage Improper,Turning Improperly,,
20946033,4846414,2025-09-30T00:00:00.000,19:33,7e4921db-711a-43b4-8cf9-e38a3e49a485,NY,Sedan,2021,West,3,F,Licensed,NY,Going Straight Ahead,Center Back End,Center Back End,Center Back End,Center Back End,,N,Unspecified,Unspecified,HOND -CAR/SUV,
20945646,4846496,2025-09-30T00:00:00.000,13:13,edab4a40-9c05-4ef4-96f0-6d2c0bc2190a,,E-BIKE NO,,North,1,M,Licensed,NY,Going Straight Ahead,Center Front End,No Damage,No Damage,No Damage,No Damage,N,Traffic Control Disregarded,Unspecified,,
20946875,4846892,2025-09-30T00:00:00.000,15:59,361d116a-6a52-4850-869c-512bdb23d6a1,NJ,Sedan,,East,2,,,,Going Straight Ahead,Right Front Bumper,Right Front Bumper,No Damage,No Damage,No Damage,N,Unsafe Speed,Unsafe Speed,,
20946018,4846372,2025-09-30T00:00:00.000,6:57,b5faadf5-b4e7-4393-84fd-0a0fe7b9cd3e,,,,South,,,,,Going Straight Ahead,Right Front Bumper,Right Front Bumper,,,,Unspecified,Unspecified,Unspecified,,
20945855,4846385,2025-09-30T00:00:00.000,9:00,be3581c2-5f2d-4ac7-9c58-e3e0712dc9bb,NY,Station Wagon/Sport Utility Vehicle,2012,West,1,F,Licensed,NY,Going Straight Ahead,Center Front End,Center Front End,Left Front Bumper,Right Front Bumper,Center Front End,N,Driver Inattention/Distraction,Driver Inattention/Distraction,TOYT -CAR/SUV,
20946704,4846902,2025-09-30T00:00:00.000,8:10,12b89b50-b594-4715-8b93-c954fe261281,NY,Pick-up Truck,2017,South,1,M,Licensed,NY,Making Right Turn,Right Front Quarter Panel,Right Front Quarter Panel,Right Front Quarter Panel,Right Front Quarter Panel,Right Front Quarter Panel,N,Failure to Yield Right-of-Way,Failure to Yield Right-of-Way,HOND -CAR/SUV,
20946827,4846849,2025-09-30T00:00:00.000,16:18,36af151f-b07f-4f1b-be6c-3ad3b45e18f9,NY,Bus,2011,West,9,M,Licensed,NY,Making Left Turn,Right Rear Bumper,No Damage,No Damage,No Damage,No Damage,N,Turning Improperly,Driver Inattention/Distraction,IC,
20946361,4846724,2025-09-30T00:00:00.000,6:00,f510394d-8fba-4598-879d-68529d3d5f71,NY,Sedan,2007,West,0,,,,Parked,Left Rear Quarter Panel,Left Rear Quarter Panel,No Damage,No Damage,No Damage,N,Unspecified,Unspecified,TOYT -CAR/SUV,
20946088,4846689,2025-09-30T00:00:00.000,13:30,fa0fe4ed-e8e1-488e-83f2-7d3d8d757df9,NJ,Sedan,2007,Northwest,0,,,,Parked,Left Front Bumper,Left Front Bumper,No Damage,No Damage,No Damage,N,Unspecified,Unspecified,NISS -CAR/SUV,
20945773,4846349,2025-09-30T00:00:00.000,1:55,41206e40-2bfb-43dd-9995-1ffcdadeb7c8,NY,Motorcycle,2008,South,1,M,,,Parked,Center Back End,Center Back End,Right Side Doors,No Damage,No Damage,N,Unspecified,Unspecified,YAMA -MCL,
20946467,4846575,2025-09-30T00:00:00.000,16:00,8cffd220-4254-4835-864e-e099393a2df2,NY,Station Wagon/Sport Utility Vehicle,2024,East,1,M,Licensed,NY,Going Straight Ahead,Left Front Bumper,Left Front Bumper,Left Front Bumper,Left Front Bumper,Left Front Bumper,Unspecified,Unspecified,Unspecified,HOND -CAR/SUV,
20945856,4846441,2025-09-30T00:00:00.000,15:30,62f8d9c0-9d68-46a3-a0bb-f5bc5024ee22,NY,Sedan,2013,South,1,F,Licensed,NY,Going Straight Ahead,Right Side Doors,Right Rear Quarter Panel,Right Rear Quarter Panel,,,N,Unspecified,Unspecified,HOND -CAR/SUV,
20945546,4846406,2025-09-30T00:00:00.000,17:45,9fdb4f63-5218-40b9-a1e9-dac75ab6a8df,NC,Sedan,2023,West,1,M,,,Slowing or Stopping,Center Front End,No Damage,No Damage,No Damage,No Damage,N,Driver Inattention/Distraction,Pedestrian/Bicyclist/Other Pedestrian Error/Confusion,JEEP -CAR/SUV,
20946091,4846691,2025-09-30T00:00:00.000,17:33,d06edd3d-73a9-464c-aa20-6ea3b02ad6d3,NY,Sedan,,East,1,,,,Going Straight Ahead,Other,Other,Other,Other,Other,N,Driver Inattention/Distraction,Driver Inattention/Distraction,,
20945634,4846407,2025-09-30T00:00:00.000,14:01,cdc382af-bd43-4495-9bab-40e276250b42,,,,West,,,,,Going Straight Ahead,Right Front Bumper,No Damage,No Damage,,,Unspecified,Passing Too Closely,Driver Inattention/Distraction,,
20946977,4846864,2025-09-30T00:00:00.000,10:00,dcd196b5-d24e-4281-8c88-627d68966973,NY,Station Wagon/Sport Utility Vehicle,2004,West,1,M,,,Making Right Turn,Center Front End,Center Front End,,,,N,Driver Inattention/Distraction,Unspecified,TOYT -CAR/SUV,
20945616,4846440,2025-09-30T00:00:00.000,1:07,36b2d0cd-2173-49b1-acb7-1f1e5b49f2c7,NY,Sedan,2005,West,0,,,,Parked,Right Front Quarter Panel,Right Front Bumper,Center Front End,,,N,Unspecified,Unspecified,TOYT -CAR/SUV,
20945700,4846327,2025-09-30T00:00:00.000,12:50,522ab6a7-2287-484c-8db1-6bd4bef2aea3,NY,Sedan,2002,North,1,F,Licensed,NY,Going Straight Ahead,Center Front End,Center Front End,,,,N,Driver Inattention/Distraction,Following Too Closely,TOYT -CAR/SUV,
20945817,4846458,2025-09-30T00:00:00.000,17:45,6402f213-65ff-4305-b733-fc8c5727f147,NJ,Van,2020,South,0,M,Licensed,NY,Going Straight Ahead,Left Front Bumper,Left Front Bumper,Left Front Bumper,Left Front Bumper,Left Front Bumper,N,Unspecified,Unspecified,RAM VAN,
20946027,4846381,2025-09-30T00:00:00.000,9:39,15ae2f6d-f364-4ec8-b761-accb4b06b8d9,,Box Truck,,East,,,,,Making Left Turn,Right Rear Quarter Panel,Other,,,,N,Passing Too Closely,,,
20945819,4846290,2025-09-30T00:00:00.000,10:10,8c21eee0-7a74-4431-9768-04dc55606e9b,,Standing S,,South,1,M,,,Going Straight Ahead,Left Front Quarter Panel,Left Front Quarter Panel,No Damage,No Damage,No Damage,N,Passing Too Closely,Driver Inattention/Distraction,,
20946693,4846505,2025-09-30T00:00:00.000,15:46,f359e3ac-6529-429b-bca1-f5b6abbd53d5,NJ,Sedan,2012,South,1,F,Licensed,NJ,Other*,Center Back End,Center Back End,Left Rear Bumper,Right Rear Bumper,No Damage,N,Unspecified,Unspecified,FIAT -CAR/SUV,
20946532,4846514,2025-09-30T00:00:00.000,13:50,508ab175-65aa-4281-82ac-befdd4f081a8,,Sedan,,South,,,,,Going Straight Ahead,Right Front Bumper,Right Front Bumper,,,,Unspecified,Aggressive Driving/Road Rage,Passing or Lane Usage Improper,TOYT -CAR/SUV,
