unique_id,collision_id,crash_date,crash_time,person_id,person_type,person_injury,vehicle_id,person_age
2071973,245566,2012-07-01T00:00:00.000,16:10,3,Occupant,Injured,13407114,6
2008960,227949,2012-07-01T00:00:00.000,18:36,1,Occupant,Injured,12953346,47
2216626,3121371,2012-07-01T00:00:00.000,19:36,1,Occupant,Injured,14389094,42
1432150,72596,2012-07-01T00:00:00.000,15:10,1,Occupant,Injured,9792771,0
1681279,135060,2012-07-01T00:00:00.000,3:15,1,Occupant,Injured,11155876,28
1483681,85161,2012-07-01T00:00:00.000,1:00,1,Occupant,Injured,10051493,36
1364964,55548,2012-07-01T00:00:00.000,12:34,1,Pedestrian,Injured,,78
1865086,187677,2012-07-01T00:00:00.000,5:30,1,Pedestrian,Injured,,62
2071970,245565,2012-07-01T00:00:00.000,22:15,1,Occupant,Injured,13407111,32
1311960,26090,2012-07-01T00:00:00.000,23:10,3,Occupant,Injured,8879379,27
1581695,109479,2012-07-01T00:00:00.000,17:00,1,Occupant,Injured,10602279,37
1272219,9407,2012-07-01T00:00:00.000,3:10,1,Occupant,Injured,8530289,33
1432148,2879030,2012-07-01T00:00:00.000,5:45,1,Occupant,Injured,9792758,25
1323535,32046,2012-07-01T00:00:00.000,2:04,1,Pedestrian,Injured,,21
1825264,175814,2012-07-01T00:00:00.000,20:15,1,Pedestrian,Injured,,61
1795690,163378,2012-07-01T00:00:00.000,18:30,1,Pedestrian,Injured,,4
1335960,37633,2012-07-01T00:00:00.000,0:37,1,Occupant,Injured,9115326,36
1834705,179412,2012-07-01T00:00:00.000,3:15,3,Occupant,Injured,11967288,22
2172231,279642,2012-07-01T00:00:00.000,18:00,1,Occupant,Injured,14083798,54
2216628,293153,2012-07-01T00:00:00.000,16:15,2,Occupant,Injured,14389103,16
1265875,5296,2012-07-01T00:00:00.000,11:25,1,Pedestrian,Injured,,35
1854295,184518,2012-07-01T00:00:00.000,12:52,1,Pedestrian,Injured,,15
2008957,227944,2012-07-01T00:00:00.000,15:15,1,Occupant,Injured,12953336,50
1265871,5293,2012-07-01T00:00:00.000,4:40,1,Occupant,Injured,8474825,41
1885858,193861,2012-07-01T00:00:00.000,12:15,1,Bicyclist,Injured,12248780,21
2172234,279644,2012-07-01T00:00:00.000,20:45,2,Occupant,Injured,14083802,41
1557513,102719,2012-07-01T00:00:00.000,14:00,1,Pedestrian,Injured,,64
1499640,88542,2012-07-01T00:00:00.000,18:00,1,Occupant,Injured,10155437,43
1483682,2896729,2012-07-01T00:00:00.000,14:52,1,Occupant,Injured,10051512,55
2216625,3121370,2012-07-01T00:00:00.000,11:35,2,Occupant,Injured,14389092,54
1817597,172551,2012-07-01T00:00:00.000,8:34,1,Occupant,Injured,11861521,43
1499642,88544,2012-07-01T00:00:00.000,19:15,1,Occupant,Injured,10155441,64
1581693,2937606,2012-07-01T00:00:00.000,17:00,1,Occupant,Injured,10602277,50
1411140,68163,2012-07-01T00:00:00.000,22:00,1,Pedestrian,Injured,,88
1724747,147453,2012-07-01T00:00:00.000,20:44,3,Occupant,Injured,11397997,4
1885882,193933,2012-07-01T00:00:00.000,12:07,3,Occupant,Injured,12248941,66
1724743,147450,2012-07-01T00:00:00.000,1:10,1,Pedestrian,Injured,,18
1885857,193860,2012-07-01T00:00:00.000,12:07,3,Occupant,Injured,12248778,66
1335972,37719,2012-07-01T00:00:00.000,2:55,1,Occupant,Injured,9115491,54
1624635,121404,2012-07-01T00:00:00.000,16:30,2,Occupant,Injured,10868065,53
1805685,170749,2012-07-01T00:00:00.000,18:20,1,Occupant,Injured,11803414,66
1283471,13871,2012-07-01T00:00:00.000,21:40,1,Bicyclist,Injured,8613451,20
1272221,9409,2012-07-01T00:00:00.000,14:14,1,Occupant,Injured,8530292,31
2154889,272564,2012-07-01T00:00:00.000,16:01,3,Occupant,Injured,13976890,43
1529006,94873,2012-07-01T00:00:00.000,17:00,1,Occupant,Injured,10314605,61
1350093,44915,2012-07-01T00:00:00.000,15:55,1,Pedestrian,Injured,,64
1805687,170750,2012-07-01T00:00:00.000,17:00,2,Occupant,Injured,11803418,39
1805688,170750,2012-07-01T00:00:00.000,17:00,3,Occupant,Injured,11803419,42
1681284,135073,2012-07-01T00:00:00.000,2:45,1,Occupant,Injured,11155902,24
1885855,193860,2012-07-01T00:00:00.000,12:07,1,Occupant,Injured,12248777,31
1364965,55548,2012-07-01T00:00:00.000,12:34,2,Pedestrian,Injured,,61
1986470,3016724,2012-07-01T00:00:00.000,8:27,2,Occupant,Injured,12832204,40
2008953,3023332,2012-07-01T00:00:00.000,4:31,1,Occupant,Injured,12953320,20
1483687,85182,2012-07-01T00:00:00.000,2:50,1,Occupant,Injured,10051552,0
1865194,2983137,2012-07-01T00:00:00.000,18:00,1,Occupant,Injured,12128908,33
1529007,94873,2012-07-01T00:00:00.000,17:00,2,Occupant,Injured,10314606,49
2136243,3096744,2012-07-01T00:00:00.000,18:00,1,Occupant,Injured,13842526,42
1697051,140806,2012-07-01T00:00:00.000,12:40,1,Occupant,Injured,11252323,41
1795688,163374,2012-07-01T00:00:00.000,9:30,1,Occupant,Injured,11738299,41
2188983,284649,2012-07-01T00:00:00.000,11:55,1,Occupant,Injured,14197260,3
1885856,193860,2012-07-01T00:00:00.000,12:07,2,Occupant,Injured,12248778,66
1608977,116278,2012-07-01T00:00:00.000,5:17,1,Occupant,Injured,10773317,62
1724746,147453,2012-07-01T00:00:00.000,20:44,2,Occupant,Injured,11397997,31
1311959,26090,2012-07-01T00:00:00.000,23:10,2,Occupant,Injured,8879380,32
2071972,245566,2012-07-01T00:00:00.000,16:10,2,Occupant,Injured,13407114,41
2216622,293130,2012-07-01T00:00:00.000,1:03,1,Occupant,Injured,14389037,0
1681285,135073,2012-07-01T00:00:00.000,2:45,2,Occupant,Injured,11155902,21
2188982,284645,2012-07-01T00:00:00.000,17:26,3,Occupant,Injured,14197253,0
1805686,170750,2012-07-01T00:00:00.000,17:00,1,Occupant,Injured,11803418,39
1364966,55550,2012-07-01T00:00:00.000,14:14,1,Pedestrian,Injured,,30
1935447,208724,2012-07-01T00:00:00.000,8:37,1,Pedestrian,Injured,,45
2103675,3078713,2012-07-01T00:00:00.000,12:55,1,Occupant,Injured,13643878,25
2008958,227946,2012-07-01T00:00:00.000,15:30,1,Occupant,Injured,12953340,65
1752957,155800,2012-07-01T00:00:00.000,0:44,1,Occupant,Injured,11557855,10
1272226,9409,2012-07-01T00:00:00.000,14:14,6,Pedestrian,Injured,,22
1834703,179412,2012-07-01T00:00:00.000,3:15,1,Occupant,Injured,11967288,22
2172230,279637,2012-07-01T00:00:00.000,2:01,1,Occupant,Injured,14083785,48
2172229,279636,2012-07-01T00:00:00.000,5:40,1,Occupant,Injured,14083782,22
1624634,121404,2012-07-01T00:00:00.000,16:30,1,Occupant,Injured,10868065,30
1874228,191551,2012-07-01T00:00:00.000,19:30,1,Occupant,Injured,12182296,38
1902949,202234,2012-07-01T00:00:00.000,4:10,1,Occupant,Injured,12359697,22
1380864,59632,2012-07-01T00:00:00.000,17:30,1,Occupant,Injured,9500069,33
2028217,233147,2012-07-01T00:00:00.000,17:55,1,Pedestrian,Injured,,15
1817599,172552,2012-07-01T00:00:00.000,13:42,1,Occupant,Injured,11861523,0
2172233,279644,2012-07-01T00:00:00.000,20:45,1,Occupant,Injured,14083802,30
1265870,5292,2012-07-01T00:00:00.000,0:30,1,Occupant,Injured,8474823,31
2071965,245557,2012-07-01T00:00:00.000,10:40,1,Pedestrian,Injured,,45
1738734,152363,2012-07-01T00:00:00.000,14:30,1,Pedestrian,Injured,,35
1311958,26090,2012-07-01T00:00:00.000,23:10,1,Occupant,Injured,8879380,41
1902948,202233,2012-07-01T00:00:00.000,2:30,1,Occupant,Injured,12359695,23
2188981,284645,2012-07-01T00:00:00.000,17:26,2,Occupant,Injured,14197253,4
2226862,3125058,2012-07-01T00:00:00.000,5:00,1,Occupant,Injured,14460853,25
2088694,3064865,2012-07-01T00:00:00.000,15:40,2,Occupant,Injured,13524263,0
1335961,37634,2012-07-01T00:00:00.000,9:00,1,Pedestrian,Injured,,45
1885881,193933,2012-07-01T00:00:00.000,12:07,2,Occupant,Injured,12248941,65
2172232,279642,2012-07-01T00:00:00.000,18:00,2,Occupant,Injured,14083799,47
1581696,109479,2012-07-01T00:00:00.000,17:00,2,Occupant,Injured,10602280,31
1608974,116266,2012-07-01T00:00:00.000,2:20,2,Pedestrian,Injured,,17
2136241,3096743,2012-07-01T00:00:00.000,6:30,2,Occupant,Injured,13842520,77
1953018,213210,2012-07-01T00:00:00.000,18:00,1,Occupant,Injured,12655040,63
2028212,233124,2012-07-01T00:00:00.000,10:15,1,Occupant,Injured,13079751,0
1265874,5293,2012-07-01T00:00:00.000,4:40,4,Occupant,Injured,8474825,5
1499636,88538,2012-07-01T00:00:00.000,14:15,1,Occupant,Injured,10155425,40
1935448,2999941,2012-07-01T00:00:00.000,1:55,1,Occupant,Injured,12539973,29
1499643,2912094,2012-07-01T00:00:00.000,12:00,1,Occupant,Injured,10155449,42
1386838,62165,2012-07-01T00:00:00.000,14:40,1,Occupant,Injured,9537393,80
1432151,72596,2012-07-01T00:00:00.000,15:10,2,Occupant,Injured,9792771,74
1902950,202234,2012-07-01T00:00:00.000,4:10,2,Occupant,Injured,12359697,23
1499641,88542,2012-07-01T00:00:00.000,18:00,2,Occupant,Injured,10155438,33
1834706,179412,2012-07-01T00:00:00.000,3:15,4,Occupant,Injured,11967288,21
1834704,179412,2012-07-01T00:00:00.000,3:15,2,Occupant,Injured,11967288,22
1608971,2943735,2012-07-01T00:00:00.000,7:15,1,Occupant,Injured,10773284,36
1499637,2912089,2012-07-01T00:00:00.000,13:00,1,Occupant,Injured,10155427,32
1986469,3016724,2012-07-01T00:00:00.000,8:27,1,Occupant,Injured,12832204,50
1724745,147453,2012-07-01T00:00:00.000,20:44,1,Occupant,Injured,11397997,31
2103676,3078713,2012-07-01T00:00:00.000,12:55,2,Occupant,Injured,13643878,65
1608972,116265,2012-07-01T00:00:00.000,18:55,1,Pedestrian,Injured,,8
2136240,3096743,2012-07-01T00:00:00.000,6:30,1,Occupant,Injured,13842520,43
2136242,268105,2012-07-01T00:00:00.000,14:10,1,Occupant,Injured,13842525,88
1885859,193864,2012-07-01T00:00:00.000,22:47,1,Bicyclist,Injured,12248786,32
2154886,272562,2012-07-01T00:00:00.000,5:23,1,Occupant,Injured,13976884,33
2088693,3064865,2012-07-01T00:00:00.000,15:40,1,Occupant,Injured,13524263,0
1272222,9409,2012-07-01T00:00:00.000,14:14,2,Bicyclist,Injured,8530293,28
2048635,3044659,2012-07-01T00:00:00.000,0:10,1,Occupant,Injured,13226195,2
1697050,140804,2012-07-01T00:00:00.000,3:10,1,Pedestrian,Injured,,53
1311957,26084,2012-07-01T00:00:00.000,4:44,1,Pedestrian,Injured,,56
1935446,2999940,2012-07-01T00:00:00.000,0:05,1,Occupant,Injured,12539967,23
2216623,293145,2012-07-01T00:00:00.000,12:20,1,Occupant,Injured,14389081,46
1272227,9409,2012-07-01T00:00:00.000,14:14,7,Pedestrian,Injured,,46
1767130,160106,2012-07-01T00:00:00.000,21:08,1,Bicyclist,Injured,11620382,28
2188979,284644,2012-07-01T00:00:00.000,2:30,1,Occupant,Injured,14197251,27
2154887,272564,2012-07-01T00:00:00.000,16:01,1,Occupant,Injured,13976890,26
1817598,172551,2012-07-01T00:00:00.000,8:34,2,Occupant,Injured,11861522,16
1350092,44909,2012-07-01T00:00:00.000,2:30,1,Bicyclist,Injured,9272169,20
2028215,233145,2012-07-01T00:00:00.000,16:15,1,Occupant,Injured,13079806,59
1386839,62165,2012-07-01T00:00:00.000,14:40,2,Occupant,Injured,9537393,82
1529010,94881,2012-07-01T00:00:00.000,22:47,1,Occupant,Injured,10314621,17
2028216,233146,2012-07-01T00:00:00.000,19:30,1,Occupant,Injured,13079808,52
1795689,163377,2012-07-01T00:00:00.000,3:16,1,Occupant,Injured,11738304,41
1724748,147453,2012-07-01T00:00:00.000,20:44,4,Occupant,Injured,11397997,4
1581697,109483,2012-07-01T00:00:00.000,6:50,1,Bicyclist,Injured,10602289,29
2216627,293153,2012-07-01T00:00:00.000,16:15,1,Occupant,Injured,14389103,16
1272223,9409,2012-07-01T00:00:00.000,14:14,3,Occupant,Injured,8530292,46
1272225,9409,2012-07-01T00:00:00.000,14:14,5,Pedestrian,Injured,,23
2216624,3121370,2012-07-01T00:00:00.000,11:35,1,Occupant,Injured,14389092,58
1986471,219402,2012-07-01T00:00:00.000,19:00,1,Occupant,Injured,12832222,45
1885880,193933,2012-07-01T00:00:00.000,12:07,1,Occupant,Injured,12248940,31
1466826,80828,2012-07-01T00:00:00.000,22:20,1,Bicyclist,Injured,9965406,17
1371316,57556,2012-07-01T00:00:00.000,16:49,1,Pedestrian,Injured,,74
1391520,63606,2012-07-01T00:00:00.000,18:37,1,Pedestrian,Injured,,70
2154888,272564,2012-07-01T00:00:00.000,16:01,2,Occupant,Injured,13976890,32
1272220,9407,2012-07-01T00:00:00.000,3:10,2,Occupant,Injured,8530289,34
2188980,284645,2012-07-01T00:00:00.000,17:26,1,Occupant,Injured,14197253,10
1265873,5293,2012-07-01T00:00:00.000,4:40,3,Occupant,Injured,8474825,25
1681280,135060,2012-07-01T00:00:00.000,3:15,2,Occupant,Injured,11155876,22
2188984,284649,2012-07-01T00:00:00.000,11:55,2,Occupant,Injured,14197261,3
1265872,5293,2012-07-01T00:00:00.000,4:40,2,Occupant,Injured,8474825,27
1592047,113545,2012-07-01T00:00:00.000,15:40,1,Bicyclist,Injured,10665188,17
1854296,184522,2012-07-01T00:00:00.000,19:55,1,Pedestrian,Injured,,13
1953017,213209,2012-07-01T00:00:00.000,6:55,1,Occupant,Injured,12655038,53
1283469,13866,2012-07-01T00:00:00.000,4:50,1,Pedestrian,Injured,,26
1581694,2937606,2012-07-01T00:00:00.000,17:00,2,Occupant,Injured,10602277,39
1608973,116266,2012-07-01T00:00:00.000,2:20,1,Pedestrian,Injured,,25
2071971,245566,2012-07-01T00:00:00.000,16:10,1,Occupant,Injured,13407113,50
2154890,272564,2012-07-01T00:00:00.000,16:01,4,Occupant,Injured,13976890,33
1272224,9409,2012-07-01T00:00:00.000,14:14,4,Occupant,Injured,8530292,49
